fid,OBJECTID,Name,Contact,Address,Longitude,Lattitude
1,78993,Imran Education school system,+92 320 4310120,"street no 3 mahar nazeer park, Bund Rd, Lahore, Pakistan",74.2661006,31.5539649
2,78994,The Islamic Public School,,"Unnamed Rd,, Lahore, Pakistan",74.26677519,31.55376779
3,78997,The Habib Lyceum Girls High School,,"Lahore, Pakistan",74.2669213,31.5535275
4,78998,HMAS School,,"Lahore, Pakistan",74.2672968,31.554666
5,79013,The Educators,,"E Block, Lahore, Pakistan",74.2747362,31.5542632
6,79080,Azmat Foundation High School,+92 333 4657920,"Khawaja Farid Rd, Block D 1, Gulshan-e-Ravi, Lahore 54000, Pakistan",74.28129172,31.55359911
7,79159,Lal School,,"Malik Munir Rd, Lahore, Pakistan",74.2814334,31.557194
8,79250,Allied School Al Mansoor Campus,+92 42 37141666,"66 link Bund Road Sand, Sanda Rd, Lahore, Pakistan",74.2816517,31.5615426
9,79425,Tatheer Quran Center,+92 308 4794058,"Malik Munir Rd Hashmi Street Main Bazar Chowk Doop Sari Snada kalan Lahore، Lahore 54000, Pakistan",74.28437311,31.55589084
10,79608,Falcon School,,"Dilkusha Park, Lahore, Pakistan",74.2876202,31.5594684
11,79611,Hassan Cambridge School,,"Dilkusha Park, Lahore, Pakistan",74.2876692,31.55954
12,79652,Hamza Bakers,,"Khawaja Farid Rd, Block D, Gulshan-e-Ravi, Lahore 54000, Pakistan",74.28785079,31.55387868
13,79655,Imran Cambridge School,,"Khawaja Farid Rd, Block D, Gulshan-e-Ravi, Lahore 54000, Pakistan",74.28765411,31.55383899
14,79766,British Grammar School,+92 308 8962493,"Khawaja Fareed Rd, Lahore, Pakistan",74.2898076,31.5540794
15,79783,Nobel high school,+92 332 4313586,"98, dilkusha park rajgarh lahore, Lahore 54000, Pakistan",74.2904346,31.5586215
16,79892,Al Huda Academy,,"Butt St, Lahore, Pakistan",74.2937482,31.556888
17,79953,Little Angels High School,+92 321 4095640,"14 a Park, Union Concule Office UC - 87, Shamnagar Rd, Lahore, Pakistan",74.29475993,31.55439715
18,80094,Alama Iqbal High School,+92 42 37145579,"Zahoor Street, National Town, Sanda, Lahore 54000, Pakistan",74.29404558,31.56149694
19,80138,KIDS CAMP SCHOOL SYSTEM,,"Sham Nagar, Lahore, Pakistan",74.2961992,31.5559949
20,80184,Cradle Public School System,+92 42 37157588,"Raj Garh, Lahore, Pakistan",74.2957044,31.5588895
21,80186,Cradle Public School,+92 42 37157588,"Raj Garh, Lahore, Pakistan",74.2956984,31.5588735
22,80344,Mary Grammar High School,,"Sanda Rd, Prem Nagar, Islampura, Lahore, Punjab, Lahore, Pakistan",74.2987413,31.5618444
23,80363,Old Ravians Public School,+92 42 37234020,"Shamnagar Rd, Rajgarh, Sanda, Lahore 54000, Pakistan",74.29963066,31.55447684
24,80430,Children Academy,,"Rajgarh Rd, Lahore, Pakistan",74.301293,31.55997933
25,80442,Modern Standard High School,,"Sanda Rd, Prem Nagar, Islampura, Lahore 54030, Pakistan",74.30002234,31.56189801
26,80561,American Lycetuff,+92 42 37225800,"N-5, Lahore, Pakistan",74.3048332,31.5570998
27,80590,Govt Girls High School,+92 42 37363341,"Ghani Centre, Office 3, Main Multan Rd, Chauburji, Lahore, Punjab, Lahore, Pakistan",74.3046359,31.5547771
28,80597,Punjab College City Campus,,"Rewaz Garden, Lahore, Pakistan",74.3049403,31.5583752
29,80623,The Educators,+92 42 37171001,"Lower Mall, Lahore, Pakistan",74.3047152,31.5611659
30,80628,Abdali Grammar School,,"Rewaz Garden, Lahore, Pakistan",74.3030339,31.5618297
31,80632,Dar-e-Arqam,,"Rewaz Garden, Lahore, Pakistan",74.3036525,31.5618895
32,80637,Unique Science Academy,,"Sanda Rd, Lahore, Pakistan",74.3036833,31.5619709
33,80691,Laday Mclegan High School,,"Lake Road, Lahore, Pakistan",74.30613231,31.55668365
34,80763,cambridge madrassat ul banat school,,"15 Lake Road, Lahore, Pakistan",74.3078052,31.5608448
35,80766,Institute for Disadvantaged Children,,"Anarkali, Lahore, Pakistan",74.30829108,31.56104636
36,80767,The Isar Trust Primary School,,"Multan Rd, Chowk Jain Mandir, Mozang, Lahore 54000, Pakistan",74.3084127,31.5610282
37,80937,Unique High School Lytton road campus,,"Lahore, Pakistan",74.3102112,31.5587898
38,81123,National Public Secondary School,+92 343 4697518,"Mozang Rd, Chowk Mozang Adda, Mozang, Lahore, Punjab, Lahore, Pakistan",74.3140234,31.5595687
39,81140,Govt Fatima Girls High School,,"Anarkali, Lahore, Pakistan",74.3138137,31.5604597
40,81342,The Educators Mozang Campus,,"Mazang, Lahore, Pakistan",74.3172875,31.558924
41,81447,St.Anthony's main ground,,"Lahore, Pakistan",74.3197789,31.5586326
42,81520,Adabistan-e-soophia,,"Mozang Rd, Lahore, Pakistan",74.32155095,31.55544067
43,81802,"City District Govt. Boys High School, Begum Kot , Shahdara, Lahore",+92 42 37394624,"Shahdara 54950, Pakistan",74.26267796,31.610771
44,81807,KPSI School & College Shahdara,+92 321 8881610,"6 Gali Number 3, Shahdara, Pakistan",74.2643135,31.6103237
45,81813,Peace School For Afghan Children,,"Lahore, Pakistan",74.27494,31.569665
46,81824,Naveed Public High School,+92 42 37145526,"Service Road, Lahore, Pakistan",74.2799793,31.5623023
47,81847,Honey Sunny High School,,"Sanda Rd, Sanda Khurd, Sanda, Lahore, Punjab, Lahore, Pakistan",74.2823489,31.5627295
48,81888,Lahore Public School,,"Millat Rd, Lahore, Pakistan",74.2845811,31.56479099
49,81890,A.V Girls High School,+92 42 37142266,"Millat Rd, Lahore, Pakistan",74.2849722,31.5646917
50,81892,William Grammar School,,"Millat Rd, Lahore, Pakistan",74.2851271,31.5654443
51,81901,Arif Model High School,+92 335 4780009,"Taragarh, Shahdara, Pakistan",74.2845042,31.6102489
52,82028,KIPS College,,"(Out Fall Road),, Jilani Rd, Lahore, Pakistan",74.287583,31.5724382
53,82034,Madrasa Mueen Ul Qura'an,+92 321 4243847,"Haider St, Lahore, Pakistan",74.28861498,31.5778623
54,82036,Hanfia Education Centre,+92 300 4143405,"Amin Park No 2 Pandi wala road, Lahore, Pakistan",74.2888953,31.5870142
55,82039,City Police Station Chanot,,"shahbruhan chanot, Lahore, Pakistan",74.28998835,31.56276475
56,82040,Scholars Inn High School,,"Sanda Rd, Sanda Kalan, Sanda, Lahore, Punjab, Lahore, Pakistan",74.2882734,31.5635947
57,82052,Abdali Grammar School,+92 344 4644036,"Abdali Rd, Lahore 54000, Pakistan",74.2904083,31.5643556
58,82069,MD High School,+92 300 4450533,"Chohan Rd, Lahore, Pakistan",74.289283,31.565855
59,82070,AL-AYESHA SCHOOL SYSTEM,+92 42 37151729,"Sanda, Lahore, Pakistan",74.2893177,31.5664655
60,82093,Mosque gulzaray madina shah faysiyal street,+92 304 4651511,"Shah Faisal St, Lahore, Pakistan",74.2901023,31.578634
61,82112,Govt M.I Happy High School,,"Sanda Rd, Lahore, Pakistan",74.29193828,31.56318988
62,82144,FACES VTP,,"Khokar, Pakistan",74.29226,31.589003
63,82176,the Knowedge Homledge e,+92 321 4196841,"Lahore, Pakistan",74.2945135,31.5788813
64,82181,The Knowledge Home Leaders Campus,+92 336 1002006,"Rashid Rd, Lahore, Pakistan",74.2938674,31.5831357
65,82192,Bright Way School And Avademy,,"Krishan Nagar, Lahore, Pakistan",74.2946436,31.5654133
66,82195,St. Paul's,,"Krishan Nagar, Lahore, Pakistan",74.2931718,31.5658663
67,82205,Pak Turk Intl School,,"Abdali Rd, Lahore, Pakistan",74.2946791,31.5693072
68,82208,Madrassa Azzizya,,"Islampura, Lahore, Pakistan",74.2956875,31.5695206
69,82209,"Govt. Technical Training Institute For Women, Kamal Ganj, Lahore. (TEVTA)",,"Lahore, Pakistan",74.2952552,31.5750627
70,82223,Shining High School,,"street 4 amin park, Ravi Rd, Lahore, Pakistan",74.2949739,31.5872807
71,82233,Mizan School and Academy,,"80 Qari Rd, Lahore, Pakistan",74.2957391,31.5626393
72,82284,Faisal Girls High School,,"Amar Rd, Bilal Gunj, Data Gunj Bakhsh Town, Lahore, Punjab, Lahore, Pakistan",74.2973495,31.5827786
73,82317,Lahore Model School For Boys,+92 42 37238603,"Dev Samaj Road, Lahore, Pakistan",74.2992169,31.5703543
74,82332,City District Govt Boys High School,,"Sheesh Mahel, Data Gunj Bakhsh Town, Lahore, Punjab, Lahore, Pakistan",74.2998128,31.5791646
75,82350,Kaswa Public School,,"Makkah Rd, Kareem Park, Data Gunj Bakhsh Town, Lahore, Punjab, Lahore, Pakistan",74.2986218,31.593557
76,82392,Muslil High School No2..,,"zila kachry, Lahore, Pakistan",74.30128291,31.57372799
77,82406,Allied School Al-Taimoor Campus,+92 301 8428403,"Lahore, Pakistan",74.3013089,31.5828803
78,82409,Alrai Girls High School,,"Kardar Park, Lahore, Pakistan",74.3005237,31.5834024
79,82410,JAMIA KARIMIA SADIDIA,,"Lahore, Pakistan",74.2981429,31.5821651
80,82458,"Govt. Vocational Training Institute, Dev Samaj Road, Lahore. (TEVTA)",,"32, 13/32 Dev Samaj Road, Lahore, Pakistan",74.3024599,31.5701238
81,82462,Government Muslim Model School,,"Shaykh Abdul Qadir Jilani Rd, Lahore, Pakistan",74.3024712,31.5743697
82,82468,govt muslim boys high school,,"5/10,hajvery park, Rettigan Rd, Lahore 54000, Pakistan",74.3027224,31.5741328
83,82472,Govt Central Model School No# 2,,"Rettigan Rd, Lahore, Pakistan",74.3032045,31.575157
84,82475,M2 LAB Deptt. Of Env. Sci.,,"Lahore, Pakistan",74.2997284,31.5761878
85,82478,Muhammadia Girls High School,,"Mohni Rd, Lahore, Pakistan",74.302264,31.5827197
86,82499,Suffah School System (Suffah Trust),+92 42 37112492,"Mehmood Street No. 11, Lahore, Pakistan",74.3018574,31.5842683
87,82503,Starlet School,+92 42 37704166,"Lahore, Pakistan",74.3016996,31.5912799
88,82540,John Macdonald High School,+92 42 37352132,"46 Lower Mall, Lahore, Pakistan",74.3042587,31.5648146
89,82542,Joan McDonald High School,,"Lower Mall Rd, Islampura, Lahore, Punjab, Lahore 54000, Pakistan",74.30447,31.56494
90,82574,Government Islamia High School,,"Khazana Gate, lower Mall، Lahore, Pakistan",74.3043053,31.5714718
91,82589,EFA SCHOOL NASEEM CAMPUS,+92 42 37722544,"Kacha Ravi Rd, Lahore, Pakistan",74.3039891,31.5895738
92,82592,Farooqi Grammar School,,"Data Gunj Bakhsh Town, Lahore, Pakistan",74.3049769,31.5875763
93,82628,Edge System International,+92 312 4571881,"Lower Mall, Lahore, Pakistan",74.3035941,31.566057
94,82635,"Government Islamia High School, Khazana Gate, Lower Mall",,"Lahore, Pakistan",74.3050238,31.5711893
95,82646,Government Central Model High School,,"Lahore, Pakistan",74.3063521,31.5760584
96,82703,Moon Public School For Junior Boys,,"Ravi Park, Lahore, Pakistan",74.3062941,31.5964801
97,82704,Allied School Ravi Road Campus,+92 42 37724484,"Ravi Park, Lahore, Pakistan",74.306556,31.5961103
98,82713,"Government Vocational Training Institute, RSLN, Lahore. (TEVTA)",+92 305 4784834,"Anarkali, Lahore, Pakistan",74.3078502,31.5627293
99,82722,National Cllege Of Arts,,"Anarkali, Lahore, Pakistan",74.308052,31.5686553
100,82729,Govt. Saleem Model High School,,"Lower Mall, Lahore, Pakistan",74.3071463,31.5753903
101,82738,Govt. Junior Muslim Model School No 2,,"Chatterjee Rd, Lahore, Pakistan",74.3080171,31.5752821
102,82773,MCL Boys High School QLS,,"Lahore, Pakistan",74.3076365,31.5959257
103,82912,Kings Academy,+92 42 37720080,"Nabi Park, Lahore, Pakistan",74.30999332,31.59878658
104,82917,Azan Grammer School,,"7- Street # 1, Lahore, Pakistan",74.3098712,31.6056503
105,82980,Government Saint Francis High School,,"Anarkali, Lahore, Pakistan",74.3109046,31.5719497
106,83023,Government Victoria Girls Higher Secondary School,+92 315 7091000,"Circular Rd, Lahore, Pakistan",74.3115342,31.5794346
107,83024,Bhati Gate Police Station,+92 323 8417966,"Qadimi Shehar, Lahore 54030, Pakistan",74.3090281,31.5790835
108,83058,Trust Modal Public High School,,"Abu Bakr Rd, Lahore 5404, Pakistan",74.3106584,31.5987803
109,83061,Imran Public School,,"Badami Bagh, Lahore, Pakistan",74.3120881,31.6047638
110,83231,Sacred Heart Convent,+92 322 4863361,"Napier Rd, Lahore, Pakistan",74.3150453,31.5675531
111,83309,Street Old Asifa School,,"Said Mitha Bazar, Lahore, Pakistan",74.31332624,31.58260133
112,83328,Banat-ul-Islam School,,"Badami Bagh, Lahore, Pakistan",74.3127705,31.6045047
113,83416,Al Karam High School,+92 323 1234567,"13 Badami Bagh Flyover, Lahore, Pakistan",74.3169817,31.5989628
114,83417,Al-Faizan Mohi UD Din School,+92 311 4666506,"Al-Faizan Mohi UD Din School, Pakistan",74.3167138,31.5982112
115,83479,Sir syed School syestem and Acedmi,,"6, Lahore, Pakistan",74.3177193,31.5729723
116,83481,Allama Iqbal Foundation High School,,"13, Railway Rd, Gawal Mandi, Lahore, Punjab, Lahore, Pakistan",74.3176711,31.572713
117,83601,Government Mohammadia Girls High School,,"Badami Bagh, Lahore, Pakistan",74.3186903,31.5990985
118,83646,Iqra Hadeeqa Itfaal,,"Gawalmandi, Lahore, Pakistan",74.320182,31.5693622
119,83668,Moon Light School System,+92 42 37312560,"Gawalmandi, Lahore, Pakistan",74.319609,31.5707043
120,83767,Govt Rang Mahal Christian High School,,"Shah Alam Rd, Qadimi Shehr, Lahore, Punjab, Lahore, Pakistan",74.31884,31.58183
121,83771,Fairy Land High School,+92 42 37656927,"Kucha Chabuk Sowaran, Lahore, Pakistan",74.3192874,31.5823751
122,83798,Mdrsa Tjwed Ul Quran,,"Kucha kundigaran,, Lahore, Pakistan",74.3187218,31.5848202
123,83857,Al Madina High School,+92 312 0422522,"street no12 house no 4 data nager, Lahore, Pakistan",74.3214262,31.5988763
124,83997,Government Girls High School TEHZEEB-UL-BINAT,,"RANG MAHAL LAHORE, Lahore, Pakistan",74.3214583,31.5766754
125,84015,Green Land Society of Special Education,+92 42 36306171,"122-A Khizer Park، Maulana Obaid Ullah Anwar Road، Garhi Shahu، Lahore 54000, Pakistan",74.32137254,31.58674476
126,84105,Jamia Bab Ul Uloom,+92 334 7070725,"Raiwind, Pakistan",74.2201942,31.2545319
127,84140,Bahria School Orchard Campus,+92 42 35451200,"Lahore, Pakistan",74.2188497,31.3220118
128,84149,Jinnah Islamia High School Railway Colony,,"near masjid karma wali railway colony raiwind distt lahore, Raiwind, Pakistan",74.2232627,31.2527192
129,84169,The Gateway International School,+92 333 4437007,"Raiwind, Pakistan",74.22666,31.258855
130,84179,The Smart School Raiwind Campus,,"District,, Lahore, Pakistan",74.2254715,31.2730291
131,84233,Al-Zoha School Systems,+92 313 4000310,"Sue-e-Asal Rd, Rakh Jodhu, Pakistan",74.2357966,31.2649975
132,84241,Govt Middle School,,"Lalyani Rd, Jalalpura, Raiwind, Punjab, Jalal Pura, Pakistan",74.23812491,31.25729822
133,84244,Primary School,,"Lahore, Pakistan",74.2393184,31.3209041
134,84248,Primary School,,"Lahore, Pakistan",74.2442114,31.3262889
135,84253,Primary School,,"Lahore, Pakistan",74.2460561,31.3197997
136,84269,Govt Primary School,+92 336 4121070,"haveli aslam, Haveli Aslam Wali, Pakistan",74.27521621,31.28307175
137,84528,Govt High School,,"Multan Rd, Sham ki Bhattian, Punjab, Shamkay Bhattian, Pakistan",74.1120671,31.3322426
138,84613,Allied School,+92 300 4465394,"SUNNDAR ADDA MULTAN ROAD NEW LAHORE CITY LAHORE, 1 N-5, Sundar 54000, Pakistan",74.1304207,31.3562389
139,84646,Zahur Ahmed Public School,,"Zahur Town, Mohnalwaal, Lahore, Pakistan",74.1420256,31.3919438
140,84682,Govt Higher Secondary School Maraka,,"Maraka, Pakistan",74.1491324,31.385668
141,84683,Govt High School Maraka,,"Maraka, Pakistan",74.1492079,31.3856852
142,84807,TCF School Pepsi Campus,+92 42 111 823 823,"Chung, Pakistan",74.1629753,31.4224107
143,84818,GATTI TEVTA,+92 42 99239016,"Sundar Industrial Estate, Pakistan",74.1680347,31.2875827
144,84845,Bahria Town Sector A Preschool for Boys & Girls,+92 42 35453936,"Beijing Blvd, Lahore, Pakistan",74.1650073,31.3894928
145,84866,Allied School,+92 321 5275113,"Main Hudiara Road, Lahore, Lahore, Pakistan",74.1683149,31.3988137
146,84889,Future Vision School,+92 334 9788670,"Chung, Pakistan",74.16873537,31.42551033
147,84912,YCHR-CRT Office,+92 300 8433173,"Bahria Town, Lahore, Pakistan",74.1695066,31.3786837
148,84920,Quran Superior Academy,+92 345 4919333,"Lahore, Pakistan",74.1703802,31.3984679
149,84936,Allied School Hamza Campus,+92 42 37499244,"Main Ghaus-e-Azam Road Opp. Azmeer Town, Chung, Pakistan",74.1725421,31.4278758
150,84939,Ideal Grammar school,,"chowk jhanda, Multan Rd, Lahore, Pakistan",74.17369373,31.431544
151,85000,Junior Leaders School Foundation,+92 42 35966667,"9-, Ali Akbar Rd, Mohlanwal, Pakistan",74.17650469,31.40028029
152,85023,Affaq Public High School,,"Multan Rd, Shahab Colony, Chung, Lahore, Punjab, Lahore, Pakistan",74.17552,31.42654
153,85039,Future Vision School,+92 322 4585898,"Multan Rd, Chung, Pakistan",74.1740656,31.4307618
154,85045,Lahore English High School of Sciences,,"Shadab Colony, 01 Multan Rd, Chung, Pakistan",74.1766562,31.4277648
155,85063,"Government Advance Technical Training Institute, Sundar, Lahore. (TEVTA)",,"Sundar Industrial Estate, Pakistan",74.1787953,31.2811108
156,85081,Beaconhouse Bahria Town Sector C Campus (Premier Branch),+92 323 4056149,"Sector C, Lahore, Pakistan",74.1817946,31.3681975
157,85096,Message Grammar School,+92 42 35961942,"Block M,, Canal Bank Rd, Lahore, Pakistan",74.181733,31.4111217
158,85112,Excellence Public School (EPS),+92 334 1071155,"Multan Rd, Chung, Pakistan",74.17767625,31.42840792
159,85119,Zeeshan Model School,,"Chung, Pakistan",74.1783967,31.4341679
160,85153,Bahria Town School Sector M Campus,+92 42 35976310,"Commercial Zone Sector C, Lahore, Pakistan",74.1854638,31.3679631
161,85217,"Bahria Town School & College, Sector B Girls Campus",+92 42 37862641,"Sector-B, Bahria Town Main Blvd, Lahore, Pakistan",74.1850969,31.3807982
162,85354,Allied School-Jubilee Town Campus,+92 334 1001005,"No.360, Main Blvd, Lahore, Pakistan",74.1903711,31.4066554
163,85403,Great Chancellors High School,,"Manga - Raiwind Rd, Raiwind, Punjab, Raiwind, Pakistan",74.2006179,31.2477052
164,85406,"Government Christian Institute, Raiwind",,"Raiwind, Pakistan",74.2099401,31.2375638
165,85444,"St. Mary School, Mission Compound, Raiwind",,"Raiwind, Pakistan",74.211815,31.2381875
166,85447,"Government Primacy School, Jinnah Colony",+92 301 4542414,"Raiwind, Pakistan",74.2130327,31.2393984
167,85448,Govt Primary School Jinnah Abadi Raiwind,+92 315 3797373,"Jinnah Colony, Raiwind, Pakistan",74.2131605,31.2394165
168,85476,Iram Model School System,,"Manga-Raiwind Rd, Raiwind, Punjab, Raiwind, Pakistan",74.2121456,31.2453028
169,85509,Jamain tul Aloom Hazrat Karman Wala Shareef,,"Raiwind, Pakistan",74.2225331,31.2423476
170,85595,Govt Middel School,,"Manga, Pakistan",74.0502977,31.3070818
171,85596,Govt High School for girls,,"Manga, Pakistan",74.0539455,31.307421
172,85597,Twinkle Kids Education Complex,,"Manga, Pakistan",74.05535659,31.30869794
173,85599,Govt Primery School,,"Union concil Rd, Manga, Pakistan",74.0538655,31.3096875
174,85602,Govt. Primery School For Boys,,"Manga, Pakistan",74.0552276,31.3105193
175,85657,Madessa Faizan e Rasool,,"Union concil Rd, Manga Mandi, Pakistan",74.0647037,31.3033452
176,85698,Government higher secondary public school,+92 334 9792965,"Manga Mandi High School, Lahore Rd, Manga Mandi, Pakistan",74.0709523,31.3023168
177,85700,Javed High School,,"Multan Rd, Manga Mandi, Punjab, Manga Mandi, Pakistan",74.07114,31.30159
178,85701,Dar E Arqam School,+92 42 35385057,"Union concil Rd, Manga, Pakistan",74.0691295,31.2999611
179,85704,Govt High School,,"Multan Rd, Manga Mandi, Lahore 55270, Pakistan",74.07107,31.30123
180,85747,Minhaj Model High School,,"Manga - Raiwind Rd, Manga Mandi, Lahore, Punjab, Pakistan",74.0766569,31.2932242
181,85759,Aligarh Public School,,"Multan Rd, Manga Mandi, Lahore 55270, Pakistan",74.07873,31.30883
182,85762,Ali Garh Public School,+92 323 7007007,"Lahore, Pakistan",74.0800281,31.309116
183,85835,Gohar Educational Campus,+92 42 35384013,"Gohar Educational Campus manga mandi lahore punjab pakistan, 5400, Pakistan",74.099071,31.3150222
184,89626,Govt Primary School salmat Pura Niaz Baig Thokar,,"Lahore, Pakistan",74.236774,31.4837145
185,89631,Muhammadia Public School,+92 304 6692271,"Thokar Niaz Baig، Lahore, Pakistan",74.2361092,31.4919007
186,89633,CHRISTIAN PUBLIC HIGH SCHOOL,,"Niaz Beg, Lahore, Pakistan",74.2374049,31.485953
187,89639,Green Land Middle School,,"Niaz Beg, Lahore, Pakistan",74.2371368,31.4906353
188,89642,Government Primary School Ahmadabad,,"Lahore, Pakistan",74.2398816,31.4831367
189,89644,Lahore Garrison Grammar School,,"17 Multan Rd, Lahore, Pakistan",74.23999772,31.49760896
190,89663,American Lycetuff School - Khayaban e Quaid,,"Lahore, Pakistan",74.2470378,31.4923909
191,89677,Zubair Academy,,"3 Street Number 3, Lahore, Pakistan",74.2472875,31.5053507
192,89692,The Lords School,+92 342 6128788,"Maraghzar Colony, Lahore, Pakistan",74.24808424,31.49997369
193,89693,Locus of Knowledge High School (reg.),+92 321 4447259,"A43, Block-H-Marghzar colony، Lahore 54500",74.248785,31.500954
194,89695,Allied School,,"Maraghzar Colony, Lahore, Pakistan",74.2490494,31.5011229
195,89705,Dar Arqam School,,"3 Street Number 3, Lahore, Pakistan",74.2478076,31.5052404
196,89709,Educators School,,"Ittefaq Town, Lahore, Pakistan",74.2492494,31.5040928
197,89713,Government Girls High School Marghzar Colony,,"3 Street Number 3, Lahore, Pakistan",74.2477117,31.5042322
198,89715,Rana Academy,+92 42 37495535,"B-117 Marghzar Colony, Multan Road, Lahore., Lahore, Pakistan",74.2483038,31.505827
199,89731,"London Academic Plan School, Laps School System",+92 42 37845566,"Marghazar Rd, Lahore, Pakistan",74.2507124,31.5055137
200,89734,British School System,,"Maraghzar Colony, Lahore, Pakistan",74.2501664,31.5070777
201,89763,Standard Grammar School,+92 300 4938764,"44 A-1 Ahmed Housing Scheme, Lahore, Pakistan",74.2527469,31.4903161
202,89765,Allied School Saracens Campus,+92 42 37492484,"80-A, Omer Hayat Block, Khayaban-e-Quaid, Ittefaq Town, Lahore, Lahore, Pakistan",74.2519891,31.4915333
203,89767,Ittefaq Superior School,+92 333 4687211,"94 Ali Block, Lahore, Pakistan",74.2519838,31.4916613
204,89769,Al-Nisa Educational Institute,,"Ittefaq Town, Lahore, Pakistan",74.2524857,31.4921917
205,89770,Bright Future Grammar School,,"Ittefaq Town, Lahore, Pakistan",74.2528528,31.4918009
206,89771,The Knowledge School Quaid Campus,+92 42 37492733,"Ittefaq Town, Lahore, Pakistan",74.2517654,31.4925411
207,89775,The Rehman Education System,,"Lahore, Pakistan",74.252708,31.4995654
208,89778,Madrasa Nomaniya,,"Maraghzar Colony, Lahore, Pakistan",74.2519086,31.5019051
209,89779,CAPS Model School,,"House 22, G-Block, Marghzar Colony, Lahore, 5, Lahore, Pakistan",74.2512133,31.5043736
210,89781,The City School Boulevard Campus,+92 42 35911102,"3-, Al-Hafiz Town New Block Rd, Lahore, Pakistan",74.2514232,31.5095978
211,89798,The Hills School System,,"27 Multan Road, Lahore, Pakistan",74.2535096,31.4922466
212,89805,Sharif Educational Complex,+92 321 4400074,"Lahore, Pakistan",74.1970211,31.3333763
213,89829,Sharif College Of Nursing,,"Jati Umrah, Pakistan",74.1988629,31.3369083
214,89849,PAKTURK INTERNATIONAL SCHOOLS AND COLLEGES,,"Dream Gardens, Lahore, Pakistan",74.2085223,31.3944891
215,89866,BarkAt Markeet Garden Town Lahore,+92 300 0978508,"Lahore, Pakistan",74.2105664,31.4012124
216,89941,Maktab,+92 300 4995230,"10 km Raiwind Road, Wildlife Park Rd, Lahore, Pakistan",74.2218947,31.3808994
217,89942,Al Maktab School,,"Lahore, Pakistan",74.2208369,31.3815392
218,89969,Allied School Toheed Campus,+92 321 4741966,"12 Km, Raiwind Rd, Chamru Pur, Pakistan",74.2281818,31.3751472
219,89975,FMG High School Lahore,+92 321 7521835,"Bhobatian stop, 8km raiwind road, Lahore, Lahore, Pakistan",74.22963,31.401313
220,89983,Govt High School,,"Raiwind Rd, Chamrupur, Lahore, Punjab, Pakistan",74.2304,31.3764
221,90050,Govt Degree college for Girls,,"303-A Raiwind Rd, Lahore, Pakistan",74.2285778,31.4065874
222,90093,American Lycetuff Junior and Upper School,,"Lahore, Pakistan",74.2338789,31.3996837
223,90111,Govt High School,,"Raiwind Rd, Arayian Pind, Jati Umrah, Lahore, Punjab, Kot Araian, Pakistan",74.23682,31.33918
224,90176,School,+92 302 8479494,"Lake City,, Service Rd, Lahore, Pakistan",74.2508541,31.3546736
225,90198,Academia De Averroes,+92 42 35210500,"Block E1, Lahore, Pakistan",74.25373214,31.40486626
226,90206,Academia de Averroes School,,"Valencia, Lahore, Pakistan",74.2560366,31.4045486
227,90207,THE EDUCATORS VALENCIA CAMPUS,+92 300 4241078,"Valencia, Lahore, Pakistan",74.2560806,31.4045129
228,90264,Misber School,+92 300 4511541,"Block C1, Lahore, Pakistan",74.2592899,31.4048282
229,90274,Sir Syed Aligarh Public High School,+92 42 35953937,"Main Boulevard Khayaban-e-Amin, Lahore, Pakistan",74.2611237,31.3900871
230,90294,Pak Turk School,,"Street 2, Lahore, Pakistan",74.2633429,31.3807884
231,90594,Al Freed Elementary School,,"Lahore, Pakistan",74.2004813,31.465544
232,90596,Govt Girls High School,,"Multan Rd, Lahore, Pakistan",74.2006319,31.4660745
233,90605,Ravi Training Institute,+92 42 37512649,"Park View Villas Main Rd, Lahore, Pakistan",74.2018127,31.4589212
234,90623,Training Pakistan Center,+92 42 37512649,"Park View Villas Main Rd, Lahore, Pakistan",74.203334,31.4590961
235,90640,Roots International .dha,,"Block B, Lahore, Pakistan",74.2079325,31.4318644
236,90643,Lahore Grammar School,+92 42 37511486,"Gulshan E Ahbab Mohlanwal Road, Lahore, Pakistan",74.2064162,31.4478279
237,90663,Lahore English High School Khanpur,+92 322 4973654,"Multan Rd, Lahore 54000, Pakistan",74.20733,31.457732
238,90674,N.D.F. school ystem,+92 307 2436487,"Shahpur Kanjra, Pakistan",74.2097792,31.4607863
239,90810,Al-ghousia Public High School,+92 301 4028620,"Sultan Pura, shapur kanjra, Pakistan",74.2146219,31.4607086
240,90815,Allied Public School,,"B BLOCK, Lahore, Pakistan",74.2149065,31.4636591
241,90821,Lyceum School (Eden Campus),+92 42 35958256,"46-B, Lahore, Pakistan",74.2164445,31.4145345
242,90840,LGS ємє,,"136 phase 12, School Rd, Lahore, Pakistan",74.21545634,31.44799912
243,90850,Lahore Grammar School Landmark Project DHA EME,,136 H Block DHA EME Sector، Multan Rd، Lahore,74.2159149,31.4483691
244,90851,Lahore Grammar School Landmark Project DHA EME,+92 42 37512464,"136 H Block DHA EME Multan Road، Lahore 54000, Pakistan",74.215988,31.448394
245,90901,Iqra Madina Tul Atfal,,"Muhafiz Town Main Bulvd., Lahore, Pakistan",74.2175009,31.4528547
246,90941,Allied School Toheed Campus 2,+92 321 4741966,"6 Km Raiwind Road, Lahore, Pakistan",74.2201138,31.4101869
247,90945,Shan e Pakistan grammar school Ali Raza Abad,+92 331 4114009,"Lahore, Pakistan",74.2201741,31.4380479
248,90974,Al Rehman Education System,+92 345 6363116,"99 C,, Block A, Lahore, Pakistan",74.2221341,31.4132211
249,90975,Umar Grammar School,+92 42 35958150,"188-B, Sher Shah Colony, Lahore, Pakistan",74.2212832,31.4134191
250,90981,Rukhsana Public School,,"C Block, Muhafiz Town, Lahore, Pakistan",74.221922,31.4516909
251,91005,al qalam school,+92 321 4228431,"Unnamed Rd,, Lahore, Pakistan",74.2235068,31.4186244
252,91009,Allied School,,"Mohafiz Town E Block Main Rd, Lahore, Pakistan",74.2238049,31.4522634
253,91063,Jinnah Public Computer School,,"Dubai Town, Shersha Road, Raiwind Rd, Lahore, Pakistan",74.2260776,31.4138678
254,91067,The Knownledge School (Kaiwan Campus),+92 302 4024432,"Main Road Shershah Colony Raiwind Road Lahore, Lahore, Pakistan",74.227768,31.413931
255,91070,TCF School Dubai Campus,+92 42 111 823 823,"Lahore, Pakistan",74.2275311,31.4247265
256,91162,PakTurk Lahore Little Hearts Pre-School,+92 303 4455296,"Raiwind Rd, Lahore, Pakistan",74.2302674,31.4206361
257,91253,Government High School,,"Lahore, Pakistan",74.2325388,31.4333154
258,91273,Lahore City School,,"786/2 T & T Housing Society Main Roar, Raiwind Rd, Lahore, Pakistan",74.2339185,31.4127831
259,91276,Greenfield International School,,"56 S Doctor's Society Thokhar, Lahore, Pakistan",74.2350533,31.4603343
260,91287,Pepperdine School Network (Raiwind Campus),+92 42 35321156,"Raiwind Road, Lahore, Pakistan",74.235653,31.412292
261,91290,Dar e Arqam School 45 A,+92 333 4301599,"45 A, TnT, Aabpara, Lahore, Pakistan",74.2353906,31.4123719
262,91326,The Trust School,+92 42 37028465,"22 Westwood Colony Thokar, Mohlanwal Road, Lahore, Pakistan",74.2373962,31.4668793
263,91327,Dar-e-Arqam School,,"Westwood Colony، Lahore, Pakistan",74.2372356,31.4657343
264,91329,Unique School,,"Westwood Colony, Lahore, Pakistan",74.23761628,31.46546417
265,91330,The Educators FM Campus II,+92 42 37499427,"Westwood Colony, Lahore, Pakistan",74.2385737,31.4655088
266,91350,Prime Education School,+92 322 4369809,"Prime education high school, Lahore, Pakistan",74.23802657,31.48027588
267,91352,Govt Primary School salmat Pura Niaz Baig Thokar,,"Lahore, Pakistan",74.236774,31.4837145
268,91373,Smokers Edge,,"339-B, 339-B Punjab University Employees Housing Scheme, Lahore, Pakistan",74.2393894,31.45551
269,91376,AIG School,+92 42 37498237,"Westwood Colony, Lahore, Pakistan",74.23980278,31.46757708
270,91415,Allied School,+92 42 35964333,"Sharshar Town, Niazbeg Rd, Lahore, Pakistan",74.2398334,31.4778847
271,91418,Government Primary School Ahmadabad,,"Lahore, Pakistan",74.2398816,31.4831367
272,91425,Misbah Hostel,,"Westwood Colony, Lahore, Pakistan",74.24069401,31.46546353
273,91467,Mohammadia Public Girls High School,,"Multan Rd, Sarshar Town, Thokar Niaz Baig, Lahore, Punjab, Lahore, Pakistan",74.24125,31.47257
274,91493,The Westbridge School,+92 42 35964116,"Lahore, Pakistan",74.24047042,31.47633748
275,91526,Shad Bad Public School,+92 300 4514189,"Thokar Niaz Baig, Lahore, Pakistan",74.2412227,31.4779488
276,91532,Naseem Nisar Model High School,,"Tariq Ismaeel Rd, Lahore, Pakistan",74.2431515,31.4289108
277,91535,SAT Preparation Institute in Lahore,+92 335 6096096,"29 Sultan Town Main Raiwind Road، Lahore 54660, Pakistan",74.242861,31.460024
278,91545,Pride Public High School and Girls College,+92 42 35963300,"1 Km Raiwind Road, Lahore, Pakistan",74.2438567,31.461244
279,91559,LACAS Canal Side Campus for Boys,+92 42 35963214,"Kibria Town, Lahore, Pakistan",74.243728,31.4635136
280,91909,Riaz Farooqi Govt. Primary School,+92 334 4243311,"Kachi Kothi Stop Jan Muhammad Road, Lahore, Pakistan",74.2462693,31.4507054
281,91912,The Knowledge School-Ha'beel Campus,+92 42 35300023,"-c Raiwind Rd. Pakistan, 23 Main Blvd, Lahore, Pakistan",74.2460266,31.454677
282,91938,Allied School Raiwind Road,,"Ali Town, Lahore, Pakistan",74.2455894,31.4623742
283,91955,Al Abbas Hostel,,"Ali Town, Lahore, Pakistan",74.245303,31.464456
284,91957,The Hope School System,,"Shan Bhatti Rd, Lahore, Pakistan",74.2458951,31.4647078
285,91967,Ashraf Foundation Lahore,+92 42 35292113,"Canal Burg, Lahore, Pakistan",74.2466602,31.4733834
286,91973,The Punjab School,+92 42 35954324,"Gulshan-E-Lahore, Lahore, Pakistan",74.2488617,31.4236919
287,91974,Bloomfield Hall School Lahore,,"Lahore, Pakistan",74.2486689,31.4269194
288,91977,The Dawn School,+92 345 8615458,"Nawab Town, Lahore, Pakistan",74.248745,31.452321
289,91979,The Career Academy Lahore,,"The career academy nawab town near beacon house school boys branch, Lahore, Pakistan",74.2484795,31.4552641
290,92011,The Salient Academy,,"m, 56 Block J, Lahore, Pakistan",74.24847497,31.4759856
291,92022,Allama Iqbal School,,"Allama Iqbal School road, Lahore, Pakistan",74.2486818,31.477625
292,92027,Nasheman-e-Iqbal p1 426 Tahir,,"Khayaban-e-Jinnah, Lahore, Pakistan",74.2497763,31.4304849
293,92035,Beaconhouse School System Boys Branch,,"Block B, Lahore, Pakistan",74.2496621,31.4546983
294,92036,Beaconhouse School System Girls' Campus,,"5 off, 1 Raiwind Rd, Lahore 54000, Pakistan",74.2497897,31.4552083
295,92037,Beaconhouse canal side campus,+92 42 35341600,"Block B, Lahore, Pakistan",74.2495688,31.4558727
296,92051,The Educators,+92 42 35310692,"Shahrah Nazaria-e-Pakistan, Lahore, Pakistan",74.2497996,31.4691994
297,92070,Allied School Canal View Campus,+92 42 38500160,"105-A, Lahore, Pakistan",74.2503039,31.4740033
298,92095,Leaders Canadian School,+92 323 5323377,"Valencia Main Blvd, Lahore, Pakistan",74.2523324,31.4140784
299,92111,Government Primary School For Boys,,"Nasheman-e-Iqbal Housing Society, Lahore, Pakistan",74.2525578,31.433634
300,92112,The Educators Par Excellence Group of Schools (Nasheman campus=,,"Bahria Nasheman, Lahore, Pakistan",74.2528223,31.4336366
301,92118,Decent Public School,+92 322 4918148,"40 Jaffar Town,, Jan Muhammad Road, Lahore, Pakistan",74.2523871,31.4473943
302,92129,The Punjab School,,"443 Block K، johr town، Lahore, Pakistan",74.2518785,31.4649137
303,92147,The Knowledge School,+92 42 35300955,"Shahrah Nazaria-e-Pakistan, Lahore, Pakistan",74.2511521,31.4676512
304,92150,Hamza Foundation,+92 336 8043646,"Johar Town, Lahore, Pakistan",74.2522295,31.4696349
305,92156,School of International Science And Arts,,"Service Rd, Lahore, Pakistan",74.2514809,31.4726715
306,92169,LAPS,+92 42 35294783,"547-K Opposite Cotton Craft- Gate No.3, Canal View Housing Society، Multan Road، Lahore",74.25171831,31.48170893
307,92170,London Academic Plan School Canal View,+92 42 35294857,"547-K Cotton Creft, Gate No-3, Canal View Housing Society, Lahore., Canal View Main Blvd, Lahore, Pakistan",74.2516217,31.4817094
308,92208,Bloom Field Hall Khayaban E Jinnah Lahore,,"Khayaban-e-Jinnah, Lahore, Pakistan",74.25404069,31.43141891
309,92238,Jamia-Tul-Madina Faizan E Madina,+92 312 0489219,"Block K, Lahore, Pakistan",74.2539901,31.4641038
310,92264,Khan School,,"322 Johar Town - Phase 2, Lahore, Pakistan",74.2546658,31.4708927
311,92297,NGS Preschool Valancia,+92 42 35210458,"23 D, Valancia Town Lahore، Main Boulevard Rd S، Lahore, Pakistan",74.2562874,31.4122935
312,92299,Lahore Grammer School,,"Block A, Lahore, Pakistan",74.25554,31.4144111
313,92300,Lgs Valancia Town,,"Block A, Lahore, Pakistan",74.2554391,31.4144844
314,92363,allied school Valencia Campus,,"Gulshan-E-Lahore, Lahore, Pakistan",74.256971,31.4253361
315,92370,Unique Science Academy Nasheman-E-Iqbal Campus,+92 320 0006877,"M, Street 12, Lahore, Pakistan",74.2575091,31.4348539
316,92462,The Aspire Science Academy,+92 321 4271686,"Block K3, Lahore, Pakistan",74.2610778,31.4201422
317,93875,TCF School,,"Unnamed Rd, Marl Mari, Pakistan",74.4448788,31.6381669
318,94009,Kotdialdas,+92 333 8382647,"Jaranwala Rd، Shahdara, Pakistan",74.2655745,31.61358016
319,94013,HOCI,+92 42 37928961,"Shahdara, Pakistan",74.26584897,31.6134544
320,94015,Jamia Hayat Ul Quran,+92 42 37910723,"Jaranwala Rd, Shahdara 54950, Pakistan",74.2656526,31.613684
321,94017,Fazal Park,+92 334 0482535,"Rehmat building fazal park baradary road, Shahdara, Pakistan",74.26585007,31.6134575
322,94050,Bait-ur_Raffah Maktab Girls High School,,"Shahdara, Pakistan",74.268887,31.6134031
323,94072,New Union Girls High School,,"Sheikhupura Rd, Begum Kot, Shahdara, Lahore, Punjab, Shahdara, Pakistan",74.270372,31.6151269
324,94116,Jinnah Islamia High School,+92 334 9940339,"Baddo, Shahdara 54000, Pakistan",74.2751525,31.6191577
325,94118,The Educators Hassan Campus,+92 42 37932100,"25 no Stop Jia Musa Shahdara Lahore, Al-Raai Rd, Shahdara, Pakistan",74.2764334,31.619287
326,94135,The Learners College (Muhammad Ali Park Campus),+92 334 9940339,"Kot Haleem Khan Shahdra Rd, Kasur, Pakistan",74.2774266,31.6178533
327,94162,Glorious Science Academy,+92 321 4589403,"Chattha Park, Shahdara, Pakistan",74.2792873,31.6273205
328,94183,The Orial School,,"54-B SHEIKHUPURA ROAD, JIA MOUSA., Shahdara, Pakistan",74.2806123,31.617357
329,94188,City District Government Girls High School,,"jia musa Shahdara، Shahdara, Pakistan",74.2811042,31.6192545
330,94205,Hashmi Lodge Jia Musa,+92 345 4314306,"hafiz street jia musa Shahdara, Shahdara, Pakistan",74.281933,31.6167251
331,94232,The Legends College,+92 334 1148030,"Shahdara, Pakistan",74.2823662,31.6211127
332,94236,Government M.C Boys School,,"Shahdara, Pakistan",74.2823485,31.6299656
333,94241,Haseeb Model High School,+92 42 37929266,"Wandala Rd, Shahdara, Pakistan",74.283493,31.6317661
334,94244,govt Degree Collage for women,,"Wandala Rd, Lahore, Pakistan",74.28228538,31.63244278
335,94250,"Govt. Vocational Training Institute, Jia Musa, Lahore. (TEVTA)",,"Shahdara, New Delhi, Delhi, India",74.284071,31.6171562
336,94265,Ekhwan-ul-Muslimeen Model High School,,"Sheikhupura Rd, Jiya Musa, Shahdara, Lahore, Punjab, Shahdara, Pakistan",74.2844289,31.6178461
337,94277,sir shahab park,,"Shahdara, Pakistan",74.28474703,31.6303065
338,94282,Government College Of Technology For Glass And Ceramics,+92 301 4096142,"near fan GT road, Link Rd, Lahore, Pakistan",74.28335083,31.63559753
339,94326,royal school,,"Mehmood Shaheed Road, Shahdara 54000, Pakistan",74.28651387,31.62747597
340,94415,GIST Educational Institute,,"shahdra csmpus, Shahdara, Pakistan",74.28838615,31.62390942
341,94440,The Learners College,+92 42 37932930,"GT Rd, Shahdara, Lahore 54950, Pakistan",74.2882419,31.6260281
342,94442,The House of Accounting,+92 42 37923492,"Shahdara, Pakistan",74.2876893,31.6262964
343,94454,The Learners High School,,"GT Rd, Shahdara, Lahore 54950, Pakistan",74.2882359,31.6260665
344,94468,Stars High School (Boys & Girls),+92 42 37912293,"Shahdara, Pakistan",74.2874862,31.6270307
345,94470,The Learners KIds Campus Shahdra,+92 42 37921343,"54000,, Mehmood Shaheed Road, Shahdara 54000, Pakistan",74.2874205,31.6273911
346,94542,Virtual University,,"N 31.61504° E 74.29039°, Shahdara, Pakistan",74.29039,31.61504
347,94591,Allied School,+92 300 8400123,"Main Bazar, Opp. Bus Stop، Shahdara, Pakistan",74.2905755,31.6192003
348,94608,Sadat School,,"Shahdara, Pakistan",74.28907,31.6207864
349,94640,Gist Educators,,"G.T. Rd, Shahdara, Pakistan",74.2892072,31.6241631
350,94643,"CDG Girls High School, Factory Aria Shahdara, Lahore",,"Shahdara, Pakistan",74.2894559,31.6256056
351,94644,City District Government Girls High School Factory Area,,"Shahdara, Pakistan",74.2896413,31.6255513
352,94645,"CDG Boys High School, Factory Area Shahdara.",+92 42 37931690,"Shahdara, Pakistan",74.2893362,31.6260612
353,94692,Government M.P.E High School,,"Basharat Rasul Shaheed Rd, Shahdara, Pakistan",74.297018,31.6243712
354,94696,New Centra lModel School,+92 313 4616939,"Muslim Park, Shahdara, Pakistan",74.297576,31.6276782
355,94697,the shahdara foundation high school,,"9- park, Jahangir Tomb Rd, Shahdara, Pakistan",74.29881976,31.61973793
356,94716,The Aims School System,+92 42 37921903,"231, main shahdra town، Lahore 54000, Pakistan",74.305561,31.625782
357,94717,Muslim Ideal School (Girls and Kids Campus),,"Shahdara, Pakistan",74.3057513,31.6258237
358,94718,Dreamland Publuc School,,"Naeem Park Shahdara Town, Lahore, Pakistan",74.30599,31.625623
359,94724,Ideal School,,"Main Bazar Rd, Lahore, Pakistan",74.3074661,31.6271832
360,94727,Govt. Girls Middle School,,"Dhair, Shahdara, Pakistan",74.3068594,31.6357454
361,94971,Hashmat School,+92 321 8485865,"Imamia Colony, Ferozewala, Pakistan",74.2825234,31.6467382
362,94972,Hashmat School System,+92 42 37332125,"Imamia Colony, Ferozewala, Pakistan",74.2827863,31.6465361
363,94977,Government High School,,"Imamia Colony Rd, Ferozewala, Pakistan",74.2835024,31.6471026
364,95098,Goverment High School,+92 321 8485865,"Imamia Colony Rd, Shahdara, Pakistan",74.2837183,31.6472077
365,95099,Government Boys High School,+92 321 8485865,"Imamia Colony Rd, Shahdara, Pakistan",74.2837887,31.647192
366,95139,Start School,,"Ferozewala, Pakistan",74.2857601,31.6412594
367,95166,Zakria Foundation High School,,"Shahdara-Narang Mandi Rd, Jamil Park, Shahdara Town, Ferozwala, Punjab, Ferozewala, Pakistan",74.288484,31.6447259
368,95169,Ideal Scjo,,"Barkat Town, Daska, Pakistan",74.289087,31.6430739
369,95176,"Standard Model High School, Qaiser Town, Shahdara, Lahore",,"Shahdara, Pakistan",74.2926863,31.6402179
370,95250,Iqra Public Model School,,"Main Bazar Jameel Park, Haji Kot, Pakistan",74.3066955,31.6603312
371,95332,Nur Foundation - Malikpur School,,"Malak Pur, Pakistan",74.4729063,31.6764968
372,95374,Fatima Foundation High School,+92 322 4284457,"Muslimabad, Lahore, Pakistan",74.4017674,31.5640412
373,95393,THE BEST SCIENCE ACADEMY,+92 323 4841512,"Nabi Pura, Lahore, Pakistan",74.3987951,31.5680485
374,95396,educaotrs jallo campus 2,,"Gulshan Park Rd, Lahore, Pakistan",74.3986621,31.57129188
375,95401,Hameed Pura,,"Hameed Pura, Lahore, Pakistan",74.4002477,31.5756207
376,95407,Gulistan Public High School,,"Lahore, Pakistan",74.4008973,31.5785928
377,95411,Ethics Grammar School,+92 42 36521755,"Daroghewala, Lahore, Pakistan",74.3993095,31.5808067
378,95418,Apex School,,"Lahore, Pakistan",74.40157165,31.58032344
379,95420,Sardar Public High School,+92 345 4690669,"Sue Wala Rd, Lahore 54920, Pakistan",74.3995817,31.5826633
380,95423,Nayab Public High School,,"Lahore, Pakistan",74.399162,31.5834299
381,95438,Laurelbank Public School SRCI,+92 42 36824127,"Grand Trunk Rd, Lahore, Pakistan",74.39851747,31.58663013
382,95478,Al Khalid Group of Education,+92 42 36854646,"Lahore, Pakistan",74.39819207,31.58796329
383,95485,Irfan Ul Quran Islamic Center,+92 300 8444485,"Devioura, Lahore, Pakistan",74.4014522,31.5905185
384,95489,Masjid Gulzar-e-Madina,,"Daroghawala, Lahore, Pakistan",74.4005191,31.5928147
385,95490,Scientific Academy,+92 321 8513547,"Daroghewala, Lahore, Pakistan",74.3986255,31.5925279
386,95504,Prime Academy,,"Lahore, Pakistan",74.4017711,31.598424
387,95530,Our Own Public High School,,"Lahore, Pakistan",74.4031417,31.5683862
388,95532,Shadab Model High School,,"Gulshan Park Rd, Lahore, Pakistan",74.4020523,31.5713956
389,95537,The Smart School,+92 321 4100096,"Lahore, Pakistan",74.4021083,31.583357
390,95542,Pak Educator School,,"Sue Wala Rd, Lahore, Pakistan",74.40342896,31.5835977
391,95543,Asad Grammar School,+92 42 38590862,"Daroghewala, Lahore, Pakistan",74.4036488,31.5839122
392,95545,Paragon Model High School,+92 300 9454119,"Post Office Street Astana naqsh bandi Daroghawala, Lahore 54920, Pakistan",74.402868,31.586121
393,95573,Little Star Pilot School,+92 323 4539945,"Daroghewala, Lahore, Pakistan",74.4033782,31.5891689
394,95575,Orient Grammar School,+92 300 9457808,"Hakeem M. Ajmal Khan Rd, Lahore, Pakistan",74.40333029,31.59008372
395,95590,Usmania High School,,"Band Rd, Khara Khu, Shalimar Town, Lahore, Punjab, Lahore, Pakistan",74.40238914,31.59421565
396,95594,Umer Public School,+92 322 8855006,"Shadi Pura, Lahore, Pakistan",74.4021767,31.5993612
397,95615,Wahad Middle School,,"Shalamar Town, Lahore, Pakistan",74.4046942,31.5720744
398,95669,Laraib Sun Rise School System,,"Main near Aziz Pulli, Jehangir Rd, Lahore, Pakistan",74.4072359,31.5680489
399,95672,City Grammer school the product of candle light school system,+92 323 5257302,"Fateh Garh Rd, Lahore, Pakistan",74.4062054,31.5742852
400,95697,Roshni Model High School Shah Alam Colony Tajpura Lahore,,"Lahore, Pakistan",74.4073004,31.5590337
401,95701,Mohsin's First School,,"Tajpura, Lahore, Pakistan",74.4083834,31.5627422
402,95716,"Iqra Public Model G/H School, A-Block Mehar Fiaz Colony Fateh Garh",+92 324 1484429,"Lahore, Pakistan",74.40797842,31.57534753
403,95724,Savant Grammar School,+92 323 9510000,Zaitoon Colony Daroghawala Lahore، Lahore 54920,74.407521,31.58544
404,95726,Almas Science Academy,+92 321 3525132,"Zaitoon Colony, Lahore, Pakistan",74.4087364,31.585705
405,95750,THE LOGIC ISLAMIC TRUST SCHOOL,+92 332 4770407,"Lahore, Pakistan",74.40940172,31.56921214
406,95759,Dar-e-Arqam Schools Salamatpura Campus,,"plot- New Shalimar Housing Socity,, Street 12, Lahore, Pakistan",74.4094599,31.5819132
407,95776,honour school system,+92 42 36833695,"142, Grand Trunk Rd, Lahore, Pakistan",74.41053472,31.5880374
408,95800,Kingslay School,,"Fateh Garh, Lahore, Pakistan",74.4121599,31.5696942
409,95801,Unique High School & Science Academy,+92 332 4958038,"Jehangir Rd, Lahore, Pakistan",74.4125178,31.5692801
410,95818,The Right School,,"Taj Bagh Scheme, Lahore, Pakistan",74.41357029,31.5621731
411,95820,Modern School System,+92 324 8402987,"Taj Bagh Scheme, Lahore, Pakistan",74.4130809,31.55915
412,95839,Shaur Educational Complex,,"52 Service Road, Lahore, Pakistan",74.4132717,31.5713584
413,95848,124 saeed block canal bank,,"Road, Karachi, Pakistan",74.4137508,31.57390145
414,95850,Pak Public School,+92 334 4261717,"Lahore, Pakistan",74.4128251,31.5753386
415,95853,The Educators Allama Iqbal Campus2,,"163, Tufail Block, Canal Bank Housing society, Lahore, Pakistan",74.4133481,31.5766237
416,95857,al Suffha School Rajba Road,+92 42 36545786,"muhallah eid gah, salamat pura,, Lahore, Pakistan",74.41271271,31.58468942
417,95874,Unique Solutions,+92 42 36632927,"Taj Bagh Scheme, Lahore, Pakistan",74.4158862,31.5641703
418,95875,Unique Solutions,+92 42 36636938,"Taj Bagh Scheme, Lahore, Pakistan",74.4160594,31.5640807
419,95881,Air Foundation School System,,"Jehangir Rd, Lahore, Pakistan",74.41516,31.5698005
420,95884,New Lahore Cantt Public High School,,"Canal Rd, Canal Bank Housing Scheme, Aziz Bhatti Town, Lahore, Punjab, Lahore, Pakistan",74.41523,31.57005
421,95890,Cant Public High School,,"Canal Bank Housing Scheme, Lahore, Pakistan",74.4153011,31.5729155
422,95891,Taj Mehal Park Canal Bank Road,+92 42 36555428,"Godianwala, Lahore, Pakistan",74.4147643,31.5797348
423,95900,Flah-e- Moashra Elementary School,,"Pakistan, Lahore, Pakistan",74.41565958,31.60514556
424,95901,Al-Huda Public Girls High School,+92 321 6688795,"Lakhodher, Lahore, Pakistan",74.4156706,31.6103217
425,95913,Dar-ul-Madina (Islamic School) Taj Bagh,+92 42 37172788,"Taj Bagh Pul, Lahore, Pakistan",74.41738959,31.56996916
426,95937,Govt. Girl High School Lakhodair,+92 304 0461447,"Lahore, Pakistan",74.4173433,31.6072042
427,95960,JAMATDULDAWA SCHOOL,,"Pakistan, Lahore, Pakistan",74.4181206,31.5813369
428,95991,LVTC,,"Lahore, Pakistan",74.4210568,31.569901
429,95994,SILK School Model Campus,+92 42 37161358,"Plot # 1, Street # 4، Aamir Town, Harbanspura، Lahore 54000, Pakistan",74.420107,31.573646
430,95995,SILK SCHOOL,+92 42 37161332,"Plot # 1, Street # 4، Aamir Town, Harbanspura، Lahore 54000, Pakistan",74.420177,31.573733
431,95996,The Trust School,+92 42 37161204,"Aamir Town, Lahore 54000, Pakistan",74.4202276,31.5747298
432,96020,The Sigma Foundation High School,,"Canal Rd, Aamir Town, Aziz Bhatti Town, Lahore, Punjab, Lahore, Pakistan",74.42212444,31.57121645
433,96024,Awais Grammar School,,"Street 11, Faisalabad, Pakistan",74.421786,31.576478
434,96029,Moon Rising High School,,"GT Rd, Slamatpura, Aziz Bhatti Town, Lahore, Punjab, Lahore, Pakistan",74.42215268,31.5885726
435,96030,Government Girls School,,"Grand Trunk Rd, Lahore, Pakistan",74.42197084,31.58906709
436,96034,National Public School,,"Service Road, Lahore, Pakistan",74.4233812,31.5886781
437,96042,Unique Solutions Campus,,"Manzoor Colony, Lahore, Pakistan",74.42382419,31.56306894
438,96062,Kamran Educational School,+92 321 4120928,"karimnagar lahore, Lahore, Pakistan",74.4250731,31.5826307
439,96076,Bait Ul Huda,,"Main Harbanspura Road, Lahore, Pakistan",74.426554,31.565367
440,96080,Al-Beruni International School,+92 42 36523888,"Canal Bank Rd, Lahore, Pakistan",74.4257458,31.5706779
441,96092,Trust High School,,"244 Jehangir Rd, Lahore 54000, Pakistan",74.4266623,31.5721389
442,96093,Pur Zia Academy,,"Harbanspura, Lahore, Pakistan",74.4265793,31.5734351
443,96100,Government Girls High School,,"Harbanspura, Lahore 54851, Pakistan",74.4263917,31.5774523
444,96103,Young's Scholar School,+92 315 4100109,"Lahore, Pakistan",74.4266716,31.58735478
445,96114,Allied School Classic Campus,,"Service Road, Lahore, Pakistan",74.4279994,31.5713276
446,96138,Shoaib Academy of Commerce & Sciences,+92 322 8024845,"Harbanspura, Lahore, Pakistan",74.4289579,31.57547801
447,96150,Garrison Cadet High School,,"Main Harbanspura Rd, Harbanspura, Aziz Bhatti Town, Lahore, Punjab, Lahore, Pakistan",74.4314,31.56793
448,96172,Dar-e-arqam Girls college,+92 42 36524093,"Harbanspura, Lahore, Pakistan",74.434035,31.572533
449,96173,"Govt. Model Girls High School, Qalandar Pura",+92 42 36550540,"Harbanspura Underpass, Lahore 54850, Pakistan",74.4333386,31.5747879
450,96197,Lahore,,"Lahore, Pakistan",74.438008,31.576901
451,96236,manawan police college,,"Lahore, Pakistan",74.4463842,31.5920376
452,96244,BISS - Balad ul Ilm School System Canal Campus,+92 342 6526474,"Pully No. 5، Canal Bank Road، Lahore, Pakistan",74.44756355,31.57528267
453,96246,Supreme Education School System,+92 334 4669699,"868 Jallo Park Road Harbanspura Lahore, Lahore 54000, Pakistan",74.447479,31.576396
454,96261,School PCHS,,"Canal Bank Rd, Pakistan",74.4502258,31.5806468
455,96273,Premier American School,,"CANNAL ROAD (5 miles from royal palm)toward jallo park lahore, Canal Bank Rd, Lahore 53400, Pakistan",74.4534353,31.5760615
456,96297,Allied School Bisma Campus,+92 300 4534900,"Allied School Bisma Campus 968 Main Canal Road Near Deyal House., 968 Canal Bank Rd, Lahore, Pakistan",74.45918567,31.57858042
457,96310,Suffah Academy,+92 300 4466099,"Pakistan, Grand Trunk Rd, Lahore, Pakistan",74.46074702,31.59304854
458,96320,Intrenational Standard School,+92 322 4570522,"International Standard School, Canal Bank Rd, Lahore 54850, Pakistan",74.463703,31.578293
459,96322,Concordia College Harbanspura,,"Main Canal Road, Opposite Diyal House, Pakistan",74.4645784,31.5788775
460,96337,Lahore Eastern School,,"G. T. Road, Pakistan",74.4653696,31.5947395
461,96355,KIPS SCHOOL,+92 42 36524995,"Near Lal Pul, Mughalpura, Canal Bank Road, Lahore",74.394626,31.56619
462,96356,AL-HAMD SCHOOL SYSTEM,+92 306 4361077,"Block-e ; House : 275 ; Tajpura Scheme, Near Ather abbas park, Lahore 54000, Pakistan",74.4073319,31.5563405
463,96380,The Broadway School,+92 331 6462247,"Main Harbans Pura Road, Near Jorry pull Cantt Lahore, Yazdani Road, Lahore, Pakistan, Yazdani Rd, Lahore 54000, Pakistan",74.4182122,31.556913
464,96382,Ideal Group,+92 300 4216506,"Service Rd, Lahore, Pakistan",74.4345177,31.5584958
465,96384,Almgir Ideal School,,"Lahore, Pakistan",74.43430447,31.55890551
466,96407,Dar-e-Arqam School,,"G. T. Road, Pakistan",74.4714582,31.5944928
467,96424,TCF School - Maryam Saeed Campus,+92 42 111 823 823,"Lahore, Pakistan",74.4535477,31.4117555
468,96438,Government Girls High School Hair,,"Hair, Pakistan",74.488163,31.4081907
469,96456,Suffah Grammer School,+92 300 4600026,"Pakistan, La forma Plastic, Cosmetic and Hair Transplant Surgery Clinic, Lahore, Pakistan",74.4959842,31.3955942
470,96499,TCF School Sughra Soomro Campus,+92 42 111 823 823,"Lahore, Pakistan",74.6115718,31.4482904
471,96500,TCF School - Tasneem & Saleem Siddiqui Campus,+92 42 111 823 823,"Lahore, Pakistan",74.6181502,31.4713526
472,96505,Beaconhouse-Newlands,+92 42 35723150,"632/1 Street 10, Lahore 54000, Pakistan",74.4587909,31.4816468
473,96508,ikhwan high school,,"Barki Rd, Lahore, Pakistan",74.48131159,31.50018301
474,96533,SCIL School Barki Rord Branch,,"Barki Rd, Lahore, Pakistan",74.4701372,31.5080323
475,96570,Kids Lyceum School System,+92 333 4766663,"Barkat Block, IBL Homes, Behind Sozo Water Park، Canal Bank Rd، Lahore 54000, Pakistan",74.4880799,31.5793741
476,96587,Allied School Jallo Campus,+92 42 36582509,"Main G.T Road, Jallo More, Jallo, Pakistan",74.4948578,31.5757385
477,96603,Govt Primary school barki,,"Barki Rd, Barki, Pakistan",74.5112675,31.4773397
478,96604,Govt Elementary School,,"Barki Rd, Barki, Lahore 53200, Pakistan",74.51145496,31.47726213
479,96616,Ikhwan High School Barki,,"Barki Rd, Barki, Pakistan",74.5113295,31.4756858
480,96632,Government Girls Higher Secondary School,,"Manhala, Pakistan",74.5426011,31.5289644
481,96694,Lahore Adventist Secondary School,,"Mozang Rd, Mozang, Lahore, Punjab, Lahore, Pakistan",74.32421,31.55447
482,97111,Convent of Jesus and Mary,+92 346 7189999,"4 Durand Road, Lahore, Pakistan",74.3393561,31.5607181
483,97151,AL Ayesha High School,+92 324 4580362,"Habibullah Rd, Lahore, Pakistan",74.3396544,31.5596533
484,97197,Siddiqui school system for girls,+92 42 36302440,"Lahore, Pakistan",74.3417177,31.5597737
485,97200,Sun Merry Higher Secondary School,,"Garhi Shahu, Lahore, Pakistan",74.3429352,31.5597355
486,97212,School Astica,,"Garhi Shahu, Lahore, Pakistan",74.3447057,31.5617529
487,97220,Sanwyk Grammar School,+92 333 4545456,"Habibullah Rd, Lahore, Pakistan",74.3486726,31.5591352
488,97226,Ali Al Murad School,+92 300 4882641,"Allama Iqbal Rd, Lahore, Pakistan",74.3482053,31.5610213
489,97242,Edge System Internationals,+92 321 4227721,"184 Allama Iqbal Rd, Lahore1, Lahore, Pakistan",74.3469658,31.5623611
490,97250,Sardar High School for Girls,,"Garhi Shahu, Lahore, Pakistan",74.3505553,31.5582176
491,97251,Lahore Learning School,+92 42 36309273,"Main Allama Iqbal Road Garhi Shahu Lahore، Lahore, Pakistan",74.349576,31.5600226
492,97254,Lahore Learning School,+92 42 36309273,"49-86 Allama Iqbal Rd, Lahore, Pakistan",74.3494546,31.5600488
493,97262,Govt. New Islamia Girls Primary School,,"Garhi Shahu, Lahore, Pakistan",74.3502659,31.5602596
494,97297,MC Middle School Garhi Shahu,,"Garhi Shahu, Lahore, Pakistan",74.3508233,31.5623463
495,97313,Siddiqui school system,+92 42 36375425,"132 Allama Iqbal Rd, Lahore, Pakistan",74.3543043,31.5562588
496,97314,City Law College,+92 320 4320500,"Garhi Shahu, Lahore, Pakistan",74.3534092,31.5575974
497,97338,"Jinnah Public Secondary School, Gulberg III, Lahore",+92 42 35871647,"Service Rd, Lahore, Pakistan",74.355977,31.5020202
498,97347,LAPS,+92 321 9484187,"Gulberg III, Lahore, Pakistan",74.355607,31.506011
499,97362,RKF School of Media Studies,+92 42 36147111,"183-A-1, Gulberg III, Lahore, Lahore, Pakistan",74.3553507,31.5155934
500,97385,Training School,,"Govt. Training College for Teaches of the Deaf, Lahore, Pakistan",74.3555399,31.5211001
501,97635,KIPS Evening Coaching,+92 42 35713739,"225A, Gulberg، Ali Zaib Road، Lahore 54000, Pakistan",74.356325,31.502381
502,97638,Saint Matthew's High School,,"Block K, Gulberg, Lahore, Punjab, Lahore, Pakistan",74.3562,31.50115
503,97639,The School Of Lahore,+92 300 8140002,"k,, 22, Lahore",74.3565557,31.5005271
504,97661,"KIPS GIRLS COLLEGE, GULBERG",,"Block A3, Lahore, Pakistan",74.3570164,31.5035304
505,97679,Zaina school,,"Pakistan, 32 Gurumangat Road, Lahore, Pakistan",74.3577033,31.50458447
506,97681,The City School,+92 42 35773069,"31, Gurumangat Road, Lahore 54000, Pakistan",74.357807,31.505294
507,97691,Tcs Ho,,"32 Gurumangat Road, Lahore, Pakistan",74.3578569,31.5052618
508,97728,Thanet Hall School,,"Guru Mangat Rd, Block A2, Gulberg, Lahore, Punjab, Lahore, Pakistan",74.35765,31.51213
509,97732,Lahore Grammar School Girls Br.,+92 306 4953349,"Lahore, Pakistan",74.3563647,31.5132879
510,97795,Lahore College of Arts and Sciences,+92 42 35777173,"26 College Rd, Lahore, Pakistan",74.3564105,31.5275143
511,97825,The National Grammar School,+92 42 35750855,"260, Lahore, Pakistan",74.3568687,31.5388773
512,97851,CGDL Girls Hight School,,"Mian Mir Rd, Lahore, Pakistan",74.3571861,31.5484266
513,97868,The City School,+92 42 35189992,"22 B, Shahrah-e-Nazria Pakistan,, Lahore, Pakistan",74.35707681,31.55452711
514,97877,"Dar-ul-Madinah (Dawat-e-Islami) Township Branch, Lahore",+92 42 35113316,"26/1, B-1 mochipora stop, Lahore, Pakistan",74.35707681,31.55452711
515,97889,Muslim Angels School System,+92 300 4425389,Mian Amiruldin Park، Lahore 54000,74.35707671,31.55452701
516,97910,Civil Services Academy,+92 321 9771892,"Academy Road, Lahore, Pakistan",74.3580142,31.490354
517,97912,Faiz Ul Quran,+92 321 4816517,"Street No 5, Lahore, Pakistan",74.3595378,31.49294375
518,98116,The City School - A Level Campus Gulberg,+92 42 35773322,"E,, 30 Gurumangat Road, Lahore, Pakistan",74.3585754,31.5052738
519,98118,"The City School, Shalimar Campus",,"E, 32 Gurumangat Road, Lahore, Pakistan",74.3579451,31.5047644
520,98157,KIPS College,,"Gurumangat Road, Lahore, Pakistan",74.35780847,31.51165214
521,98159,Allied School Gulberg Campus,+92 42 35772116,"Block A-2, Lahore, Pakistan",74.35774437,31.51169514
522,98172,LGS 1 A 1,+92 42 35763659,"Street 1, Lahore, Pakistan",74.3563975,31.5140083
523,98185,Pioneer Public School,,"Block A1, Lahore, Pakistan",74.3581751,31.5178525
524,98202,Govt Najaf School,,"Block N, Lahore, Pakistan",74.3585182,31.5209934
525,98230,Gulberg Girls High School,,"Guru Mangat Rd, Rehman Park, Gulberg, Lahore, Punjab, Lahore, Pakistan",74.35948,31.52626
526,98232,SICAS Senior,+92 42 35716684,"112, Near Sherpao Bridge, Gulberg Rd, Lahore, Pakistan",74.3584073,31.5296685
527,98234,Bloomfield Hall School,+92 42 35754231,"Lahore, Pakistan",74.3594186,31.5290613
528,98235,Salamat International Campus for Advance Studies SICAS,+92 42 35755066,"Block N, Lahore, Pakistan",74.358269,31.529129
529,98239,LGS 15-C3,,"15-, Gulberg Rd, Lahore, Pakistan",74.35919335,31.52933894
530,98261,Dar E Arqam School,,"Upper Mall Scheme, Lahore, Pakistan",74.3587001,31.541846
531,98294,Taha,,"Madina Colony, Lahore, Pakistan",74.3609525,31.4886999
532,98298,Masjid Farooqia,,"Madina Colony, Lahore, Pakistan",74.3603852,31.4915507
533,98337,United Girls High School,+92 42 36670487,"Academy Rd, Madina Colony, Gulberg 3, Lahore 54000, Pakistan",74.35882668,31.4964588
534,98339,FB Model High School,+92 300 4475064,"Academy Rd, Madina Colony, Gulberg 3, Lahore 54000, Pakistan",74.35873222,31.49645448
535,98509,Gulberg Girls High School,+92 331 4764428,"Pepsi Cola Road, Gulberg 2, Lahore, Lahore, Pakistan",74.359706,31.526278
536,98540,Beaconhouse Pre-School,+92 42 35764817,"294-A Mian Mir Rd, Lahore, Pakistan",74.3606454,31.5377295
537,98558,Lahore City School,,"Infantry Rd, Lahore, Pakistan",74.36112132,31.55013317
538,98628,Turning Point,,"65-A, Street 2, Lahore, Pakistan",74.3622655,31.5007249
539,98679,FG Public School Shami Road Lahore,,"Lahore Cantt., Lahore, Pakistan",74.3623064,31.5162923
540,98682,Apex Grammar School,+92 322 7000271,"Block 9, Lahore 54660, Pakistan",74.3622067,31.5242586
541,98756,Al-Havi Boys High School,,"Infantry Rd, Shalimar Town, Mughalpura, Lahore, Punjab, Lahore, Pakistan",74.3615305,31.550791
542,98758,Creative Grammar High School,,"11-B, Infantry Road, 15 Infantry Rd, Lahore, Pakistan",74.3616593,31.5508413
543,98800,Iqra School,,"Madina Colony, Lahore, Pakistan",74.3638614,31.4895571
544,98825,Excell Academy,+92 333 4227133,"2, Alpine Street, Lahore, Pakistan",74.3641441,31.4938702
545,98826,New Day Montessori,+92 300 4245206,"38, Zulfiqar lane, Cavalry Ground, Lahore, Lahore, Pakistan",74.3633,31.495373
546,98836,Dandelion preschool and daycare,+92 42 36672112,"67/A,, Street 13, Lahore, Pakistan",74.364547,31.501287
547,98919,Imran Qadir High School,,"Infantry Rd, Shalimar Town, Mughalpura, Lahore, Punjab, Lahore, Pakistan",74.3638748,31.5489075
548,98929,Pak Canadian Technical High School,,"Iqbal Rd, Mustafabad, Mughalpura, Lahore, Punjab, Lahore, Pakistan",74.36368,31.5515
549,98953,Big Ben High School,+92 321 4396302,"Canal Colony, Lahore, Pakistan",74.3647512,31.5556206
550,98993,OnE10Links,,"walton roadcantt, Street #5, Lahore, Pakistan",74.3661608,31.4895681
551,98997,Decent Public High School,+92 42 36670817,"Walton, Lahore, Pakistan",74.36556522,31.49015636
552,99048,Lahore Learning Campus (Junior Branch),+92 42 36610307,"House# 51, 14 Street 14, Lahore 50001, Pakistan",74.3657024,31.502146
553,99064,Kirdar Academy School System,+92 42 36674145,50 Fazil Road Opposite Fortress Stadium، Lahore Cantt، Lahore 54000,74.366255,31.528813
554,99123,Government Arif High School,+92 42 57104801,"Mustafabad, Lahore 540849, Pakistan",74.3656203,31.5489701
555,99124,rising sun,,"Pakistan, 34 Lawernce colony Rd, Lahore, Pakistan",74.3657578,31.5488612
556,99125,Junior Model High School,,"Lahore Cantt., Lahore, Pakistan",74.3661472,31.5506663
557,99158,MS science Academy,,"Yasrab Colony, Lahore, Pakistan",74.3671578,31.4865128
558,99185,Allied School Walton Campus,,"Service Rd, Lahore, Pakistan",74.3682577,31.4895072
559,99204,Ahmad Public High School For Boys & Girls,+92 321 9433994,"Ghosia Street Walton Road, Lahore, Pakistan",74.3671696,31.4894858
560,99210,The Right School Abid Road,,"Walton Road, Lahore, Pakistan",74.3669915,31.4908397
561,99213,O.T.I Grammar School,+92 42 36666378,"Ghausia Colony, Lahore, Pakistan",74.3676523,31.4895451
562,99229,The Right School,+92 333 4323551,"E19/4 Abid Rd, Lahore, Pakistan",74.3684962,31.4928635
563,99385,Sir Syed High School,,"Yasrab Colony, Lahore, Pakistan",74.3688486,31.4875732
564,99386,Qurban Girls High School,,"Yasrab Colony, Lahore, Pakistan",74.3674851,31.4870022
565,99438,Three Star Science Academy,,"Service Rd, Lahore, Pakistan",74.3690367,31.4899126
566,99552,Al Qamar Public High School,+92 321 4155411,"Usman st., Lahore, Pakistan",74.3714856,31.4857408
567,99556,Three Star High School,+92 42 36685720,"Shahtaj Colony, Lahore, Pakistan",74.3695111,31.4891028
568,99601,EFA School Arham Campus,+92 42 36613261,"E-6/2, Qadri Colony 1, Walton, Cantt, Service Rd, Lahore, Pakistan",74.37093411,31.49195384
569,99623,The Educators Walton Campus,+92 42 36682127,"Walton, Lahore, Pakistan",74.3705367,31.4933793
570,99625,CANTT MODEL HIGH SCHOOL,+92 42 36668900,"Street 7 Lane 1 Walton Road Lahore Cantt., Lahore 54000, Pakistan",74.371261,31.493186
571,99686,Ghazi Cadet Academy,+92 333 4306582,"street no 2 rifle range road Kory stop, Walton Road, Lahore, Pakistan",74.372946,31.4913617
572,99777,Toor Montessori & High School,,"272, St 6, Old Cavelary Ground, Cavalry Ground, Lahore, Punjab, Lahore, Pakistan",74.3737131,31.4967044
573,99799,Shaheen Cadet Institute,+92 321 7001324,"House # 6/2, Maj Suleman Street,, Zafar Rd, Lahore, Pakistan",74.373567,31.518246
574,99817,Jamia Manzoor ul Islamia,+92 333 4274235,"Eid Gah Lahore Rd, Lahore, Pakistan",74.373226,31.5494841
575,99839,Matrix School,,"Lahore, Pakistan",74.3755263,31.4904057
576,99841,Prospective Leaders Education Sysrem PLES,+92 42 36625641,"Super Town, Lahore, Pakistan",74.3730842,31.4919255
577,99843,American Lycetuff,+92 42 36293373,"Rifle Range Rd, Lahore, Pakistan",74.3731311,31.4921234
578,99938,PAF Montessori School,+92 300 8182554,"Lahore Cantt., Lahore, Pakistan",74.3754252,31.5125332
579,99959,Al-Mashal Walfare Foundation,+92 300 8498084,"Imtiaz Shaheed Rd, Lahore, Pakistan",74.37565292,31.54353364
580,99961,Allama Iqbal Model School,+92 42 36683071,"1422/13 Dhaka road, Lahore Cantt، Lahore, Pakistan",74.374769,31.546488
581,99995,SAR School,+92 322 4441234,"455-E,, New Iqbal Park, Street No 4, Lahore, Pakistan",74.3775597,31.4869336
582,99996,Trust School,,"Eden Cottage Road, Lahore, Pakistan",74.377656,31.487016
583,100000,Dar e Arqam School,,"Link 2 Super Town, Lahore, Pakistan",74.37508317,31.49163447
584,100076,Garrison Academy for Cambridge Studies,+92 42 36683008,"298 Sarwar Rd, Lahore, Pakistan",74.3770799,31.5153526
585,100082,Army Public School,+92 42 99220545,"Abid Majeed Rd, Lahore, Pakistan",74.3774411,31.5230487
586,100123,Lahore Cantt Public High School,+92 333 4086303,"Sarwar Rd, Saddar, Cantonment, Lahore, Punjab, Lahore, Pakistan",74.3765258,31.53699732
587,100141,FG Girls Model High School,,"Sarwar Rd, Saddar Bazar, Cantonment, Lahore, Punjab, Lahore, Pakistan",74.3770552,31.5428135
588,100143,C.B. Boys High School,,"Dhaka Rd, Lahore, Pakistan",74.3769103,31.5435907
589,100146,Muslim High School,,"Sarwar Rd, Lahore, Pakistan",74.3765247,31.5450256
590,100222,Mount Pleasant High School,,"Rifle Range Rd, Lahore, Pakistan",74.3785525,31.4871142
591,100369,Compass.,+92 333 4212320,"Khursheed Alam Road, Lahore, Pakistan",74.37772943,31.50621481
592,100370,Rana Model High School,,"Khurshid Rd, Cantonment, Lahore, Punjab, Lahore, Pakistan",74.3786266,31.5062406
593,100373,Garrison Academy for Boys,+92 312 4029435,"Tufail Rd, Lahore 54000, Pakistan",74.3780281,31.5145719
594,100382,Cathedral Higher Secondary School,+92 42 36662899,"Tufail Rd, Lahore, Pakistan",74.3789071,31.5204479
595,100511,Fatima Foundation High School,,"GT Rd, Ijaz Town, Wahga Town, Lahore, Punjab, Pakistan",74.48073,31.59511
596,100523,Anees Fatima trust,,"Lahore, Pakistan",74.4844716,31.5954866
597,100526,Govt Primary School,,"GT Rd, Hussainpura, Wahga Town, Lahore, Punjab, Pakistan",74.48560457,31.59511478
598,100543,"Minhaj-ul-Quran Model School, Attoke Awan",,"Attoke Awan, Pakistan",74.4892994,31.5998472
599,100551,Govt High School Attoke Awan,,"Attoke Awan, Pakistan",74.4914963,31.5975053
600,100567,Vision Grammar School,+92 321 8887870,"Allied Bank Building Near BRB Pul Jallo More Lahore, Grand Trunk Rd, Lahore, Pakistan",74.4970854,31.596879
601,100598,HR Science & Commerce Academy,+92 322 4688616,"Opposite Ghalla Mandi Jallo More Bata Pur Lahore, Service Road, Dograe Kalan, Pakistan",74.5012119,31.5973028
602,100603,Oxford Scholars English Model High School,,"GT Rd, Wahga Town, Lahore 54030, Pakistan",74.50265652,31.59700194
603,100604,Quaid Public Model High School,,"GT Rd, Wahga Town, Lahore, Punjab, Pakistan",74.50366922,31.59693618
604,100642,Govt. Girls High School,,"DHA Phase 8, Lahore, Pakistan",74.4303043,31.4808132
605,100652,Govt. Girls Primary School,,"Street 28, Roranwala, Pakistan",74.4332099,31.4462387
606,100654,TCF Boys High School,,"Street 23, Roranwala, Pakistan",74.433918,31.4483164
607,100671,SICAS Main Campus,+92 42 37165219,"School Avenue, off Bedian Road، Bedian Road، Lahore, Pakistan",74.4355166,31.4561693
608,100701,TCF School Ledher,+92 42 111 823 823,"Lahore District, Lahore, Pakistan",74.4401515,31.4554188
609,100750,Government Girls High School Lidher Lahore,,"Lahore, Pakistan",74.4453261,31.4554485
610,100763,The Educators,,"DHA Phase 6, Lahore, Pakistan",74.4459256,31.458298
611,100765,The City School - Alpha,+92 42 37180126,"Sector B, Lahore, Pakistan",74.447093,31.4695945
612,100818,Iqra school,,"Thethar, Pakistan",74.4625258,31.4214062
613,100834,Govt Muslim High School,+92 322 7357710,"Mughalpura, Lahore, Punjab, Lahore, Pakistan",74.37995,31.55979
614,100835,Allied School Mughalpura Campus,+92 42 36881233,"Shalimar Flyover, Lahore, Pakistan",74.3808746,31.5607836
615,100850,IET Lahore,+92 42 36881604,"Mughalpura, Lahore, Pakistan",74.38,31.563333
616,100851,alsamas model school,,"Mughalpura, Lahore, Pakistan",74.38,31.563333
617,100856,Shalimar Boys High School,+92 42 97022374,"Shalimar Link Rd, Mughalpura, Lahore, Punjab, Lahore, Pakistan",74.38038,31.56334
618,100903,P.R Boys High school,,"Mughalpura, Lahore, Pakistan",74.3774411,31.5689657
619,100917,Govt Islamia High School,,"Mughalpura, Lahore, Pakistan",74.3795486,31.570185
620,100935,Lahore Public School,+92 42 36822953,"Mughalpura, Lahore, Pakistan",74.3797407,31.5719869
621,100937,ALPHA ACADEMY,+92 42 36851107,"Daras Baray Mian Shalimar Link Road, Lahore, Pakistan",74.38011803,31.57164695
622,100968,Al Rasheed Ideal School,+92 42 36863111,"Mughalpura, Lahore, Pakistan",74.3786129,31.5787385
623,100974,Al-Wahab Society Public School,+92 333 4205961,"5A/1/1A, 20 Sehar Rd, Lahore, Pakistan",74.3783962,31.5802632
624,101010,Govt Muslim High School,,"GT Rd, Mughalpura, Lahore, Punjab, Lahore, Pakistan",74.3794,31.58319
625,101028,Madrassa Baba Shah Din,,"House 159,, 29 Street 1, Lahore, Pakistan",74.3789142,31.5862784
626,101034,EFA School System Sherjeel Campus,+92 323 4797608,"Sultan Mehmood Road, Sukhnehar Stop Shalamaar Baagh, Lahore, Lahore, Pakistan",74.3800807,31.5842387
627,101053,AL-Shamma Science Academy & Computer Center,+92 310 7426620,"House No: 10F /60, Street No: 174 Muhammadi Colony، College Road, Baghbanpura Lahore Cantt.، Lahore 54920",74.377016,31.595782
628,101056,Marine Education Shool System,+92 323 3333414,"Aliya Town Choti Park, Lahore, Pakistan",74.3801984,31.6020166
629,101057,Royal Foundation School,+92 321 4572509,"Aliya Town, Lahore, Pakistan",74.3803218,31.6026289
630,101068,Al-Qalam High School,+92 42 36881046,"Shalimar Link Rd, Shalimar Town, Lahore, Punjab, Lahore, Pakistan",74.3810795,31.5629408
631,101082,Excel Public High School,+92 305 4704969,"Shalimar Link Rd, Shalimar Town, Lahore, Punjab, Lahore, Pakistan",74.38247624,31.56526493
632,101086,Cantt. Grammar School,,"Mughalpura, Lahore, Pakistan",74.3813748,31.5651552
633,101091,MC Boys High School,,"Shalamar Town, Lahore, Pakistan",74.3820002,31.5649103
634,101098,Govt. Millat Girls High School,,"Shah Kamal Rd, Lahore, Pakistan",74.3824807,31.5675944
635,101134,Punjab Professor Academy,+92 305 3108502,"Shalimar Link Road, Lahore 54000, Pakistan",74.3812308,31.573288
636,101176,LGS School,+92 324 4844070,"Shalimar Link Road, Lahore 54000, Pakistan",74.3815644,31.5766964
637,101181,The Smart School (Shalimar Campus),,"02 Shalimar Link Road, Lahore, Pakistan",74.3813331,31.577042
638,101219,"Government Vocational Training Institute, Baghbanpura, Lahore. (TEVTA)",,"Lahore, Pakistan",74.3814915,31.5817621
639,101220,"Government Vocational Training Institute, Baghbanpura, Lahore. (TEVTA)",,"Angoori Bagh, Lahore, Pakistan",74.3815308,31.5817678
640,101271,Laurel Grammar School,+92 42 36833333,"Shalimar Link Rd, Mughalpura, Lahore, Punjab, Lahore, Pakistan",74.38123036,31.58346204
641,101274,City District Govt Boys High School,,"GT Rd, Mughalpura, Lahore 54030, Pakistan",74.37987,31.58335
642,101285,Bait-ul-ilm School System & Ibn-e-Sultan Academy Madina Colony Lahore,+92 42 36816634,"171 Madina Colony، Lahore, Pakistan",74.3815003,31.5920677
643,101287,Tameer e millat cambridge school,,"Lahore, Pakistan",74.3819824,31.6010517
644,101293,Arqam House Public High School,,"Gunj, Lahore, Pakistan",74.3829775,31.563461
645,101295,Society Public School,+92 320 2949425,"Soekarno Bazar, Lahore, Pakistan",74.3821142,31.563549
646,101316,Alpha Academy,,"S Wadi Rd, Lahore, Pakistan",74.3818134,31.5740349
647,101323,Haward Grammar High School,,"Mughalpura, Lahore, Pakistan",74.3831679,31.5798959
648,101325,"Minhaj-ul-Quran Model School, Angoori Bagh, Lahore",,"Angoori Bagh, Lahore, Pakistan",74.3838609,31.5794826
649,101326,Government Modern girls high School,,"Muslim Colony, Lahore, Pakistan",74.3838904,31.5782267
650,101327,The Capital School,+92 321 8400427,"1-A Shalimar Link Road, Lahore, Pakistan",74.3838634,31.5808545
651,101343,Al-Wahab Society Public School,+92 333 4205961,"70/A/5, 171, Lahore, Pakistan",74.3829668,31.5933047
652,101349,Jaffery School,,"Lahore, Pakistan",74.3858994,31.5626048
653,101352,Jaffery public school lahore,,"Lahore, Pakistan",74.3861194,31.5628079
654,101361,City Dist Govt Girls High Scool,,"Khalid Shah St, Lahore, Pakistan",74.3853512,31.5736499
655,101374,Little Angels High School(Regd),+92 42 36852254,"1C-26C, Lahore 54000, Pakistan",74.3843669,31.5826484
656,101388,Bluebells School System,+92 304 4440365,"Services Rd, Jaffri Pul, Canal Bank, Lal Pul, Mughalpura., Canal Bank Rd, Lahore, Pakistan",74.386294,31.562951
657,101390,Ali Foundation Girls High School,,"Kumharpura, Shalimar Town, Lahore, Punjab, Lahore, Pakistan",74.38727,31.5631
658,101405,Kennis Public School,+92 322 4248874,"House # 20-A, Street # 47, Muhammadia Colony, Sohwari Road, Ramgarh، Lahore, Pakistan",74.3878698,31.5729049
659,101440,Wapda Boys High School,,"Sultan Mehmood Road, Shalimar Town, Lahore, Lahore, Pakistan",74.3876446,31.591931
660,101441,WAPDA Girls High School,,"Lahore, Pakistan",74.3876756,31.5928488
661,101453,Dation Girls High School,,"Canal Rd, Shalimar Town, Lahore, Punjab, Lahore, Pakistan",74.38851,31.56351
662,101455,Momin Model High School,,"Canal Rd, Shalimar Town, Lahore, Punjab, Lahore, Pakistan",74.38931409,31.56348494
663,101466,Allied School Pakistan Mint Campus,+92 323 4972090,"Sue Wala Rd, Lahore, Pakistan",74.3897413,31.5814134
664,101484,Standard Science & Engineering Academy,+92 300 4366345,"Lahore, Pakistan",74.3894845,31.5876797
665,101488,Wapda Boys School Junior Section,,"Sultan Mehmood Road, Lahore 54890, Pakistan",74.3884558,31.5923915
666,101494,Al Abid Academy,+92 333 4289931,"Lahore, Pakistan",74.3882628,31.5987935
667,101508,Islamic Public High School,+92 342 4200007,"Park, Lahore, Pakistan",74.3903356,31.5643393
668,101524,Beacon Grammar High School,,"Canal Rd, Shalimar Town, Lahore, Punjab, Lahore, Pakistan",74.39149,31.565
669,101532,Al-Hanif School,,"Shalamar Town, Lahore 54000, Pakistan",74.3909061,31.571784
670,101554,GUIDE LINE ACADEMY,,"Dilshad St, Lahore, Pakistan",74.3903528,31.5872022
671,101561,The Causeway School,+92 42 36556189,"Soharwardi Road, Shalimar Town Soharwardi Rd, Lahore, Pakistan",74.3910477,31.5904415
672,101575,Al-Kitab British High School,,"Canal Rd, Maskinpura, Shalimar Town, Lahore, Punjab, Lahore, Pakistan",74.39249046,31.56537402
673,101590,Hamid Public Model School,,"Lahore, Pakistan",74.391906,31.593535
674,101592,Govt Islamia Arabia High School,,"Bhagwāl Nawān, Lahore, Pakistan",74.39196421,31.59810798
675,101593,"Govt High School, New Karol",,"New Karol, Lahore, Pakistan",74.3922204,31.598171
676,101616,Graceway High School,,"Canal Rd, Maskinpura, Shalimar Town, Lahore, Punjab, Lahore, Pakistan",74.39444,31.56545
677,101626,Kids Paradise High School,,"Bhatta Din Muhammad Bazar, Kotly Pir Abdul Rehman,, Rasheed Pura Rd, Lahore, Pakistan",74.3936825,31.5781187
678,101628,New Kashmir High School,,"Rasheed Pura Rd, Lahore, Pakistan",74.3949539,31.5787647
679,101629,Sir Syed Public High School Rasheed Pura,,"Rasheed Pura Rd, Lahore, Pakistan",74.3947001,31.5794357
680,101640,New Kashmir Girls High School,,"GT Rd, Sultan Town, Shalimar Town, Lahore, Punjab, Lahore, Pakistan",74.39511,31.58638
681,101642,Corporation Model Scxhool,,"Lahore, Pakistan",74.3944759,31.589163
682,101643,Fazal Model High School,,"Lahore, Pakistan",74.3938528,31.5896372
683,101645,Pak Gillani School,+92 321 6666381,"Dilshad St, Lahore, Pakistan",74.3940818,31.5917785
684,101656,The Muslim School,,"1 Tajpura Main Rd, Lahore, Pakistan",74.3966413,31.5608847
685,101657,Mohsin's School,,"Ghaziabad, Lahore, Pakistan",74.3964945,31.5600899
686,101662,Peak Alma American School,+92 42 36852100,"Jehangir Rd, Lahore, Pakistan",74.3960781,31.5659958
687,101665,Light Home School System,,"Jehangir Rd, Lahore, Pakistan",74.3967721,31.5661154
688,101669,AL-SAMNAN Boys H/S,,"8 park, Street No 10, Lahore, Pakistan",74.39672179,31.57025095
689,101678,The Educator School,,"Lahore, Pakistan",74.3953485,31.5849799
690,101702,Dar-e-Arqam (Campus:zAID-BIN-HARRIS),,"Lahore, Pakistan",74.3974031,31.5827998
691,101722,EGC Academy,+92 320 4409999,"Iqbal Park, Lahore, Pakistan",74.3796945,31.4876519
692,101856,Beaconhouse School System,+92 42 36622869,"Tufail Rd, Lahore, Pakistan",74.37997023,31.53970123
693,101882,Government Islamia High School Lahore Cantt,,"Tufail Rd, Lahore, Pakistan",74.3804649,31.5464734
694,101946,Iqra Taleem-ul-Atfal Foundation,+92 345 8752341,"1454-A, Shalimar Link Rd, Saddar, Mughalpura، Punjab، Lahore, Pakistan",74.38005,31.55188
695,102015,Allied School R.A Bazar Campus,+92 42 37043750,"103 E, Nadarabad, Street 1, Lahore, Pakistan",74.3820548,31.5029158
696,102018,FG Girls High School,,"R a Bazaar, Lahore, Pakistan",74.3821142,31.5040584
697,102034,Lahore Grammar School,+92 333 7096582,"Lahore Cantt.، Lahore, Pakistan",74.3820709,31.5088524
698,102036,Lahore Cantt Public High School,,"88 Arif Jan Rd, Lahore, Pakistan",74.3826848,31.5081475
699,102053,eHow Keys,+92 331 4391414,"paf Market, Lahore 54000, Pakistan",74.381796,31.519087
700,102090,Saint Joseph High School,+92 345 4400064,"Sarfaraz Rafiqui Rd, Lahore, Pakistan",74.3826663,31.5326406
701,102094,Garrison Academy for Girls,,"Abdul Rehman Rd, Lahore, Pakistan",74.381656,31.5404472
702,102096,Cantt School,,"Dehli Rd, Lahore, Pakistan",74.3809345,31.5468254
703,102121,Professors' Star Academy,+92 42 36667195,"Zarrar Shaheed Rd, Lahore, Pakistan",74.3809122,31.5500572
704,102137,Cantt. Public High School,,"Karachi Mohalla, Lahore, Pakistan",74.3810146,31.551064
705,102141,Leads Grammar School,+92 333 4254378,"Lane Number 6, Lahore, Pakistan",74.3825697,31.5534469
706,102188,F G Abid Majeed Boys High School,,"Khursheed Alam Road, Lahore, Pakistan",74.3831221,31.5058368
707,102252,Government Tarik High School Lahore Cantt,,"B 15 Zarrar Shaheed Rd, Lahore, Pakistan",74.3828702,31.5507955
708,102254,F.G. Boys High School No.1,,"Zarrar Shaheed Road, Lahore 54000, Pakistan",74.3836816,31.5503149
709,102258,School Of Speech And Language Speech Therapist,,"Street 4, Lahore, Pakistan",74.3842854,31.4876656
710,102264,Garrison Academy Tufail Shaheed Campus Senior,+92 42 55899204,"Walton, Lahore, Pakistan",74.3851615,31.4911362
711,102310,Garrison Academy Junior Tufail Shaheed Campus,+92 306 4616667,"Nishat Colony، Lahore, Pakistan",74.3867121,31.4906636
712,102312,Govt. GHS Nishat Colony Lahore,+92 42 35742557,"Pakistan, Faisal Ghuman Road, Lahore, Pakistan",74.3872121,31.4912085
713,102340,National Foundation Girls High School,,"Zarrar Rd, Saddar, Cantonment, Lahore, Punjab, Lahore, Pakistan",74.3879,31.54945
714,102355,Government Girls High School Ghaziabad,,"Old Bus Stand Rd, Ghaziabad",74.3890309,31.5579447
715,102397,School of Lahore,+92 331 8495050,"478-3 Siddiqi Road, Cinema Stop, Lahore, Pakistan",74.390079,31.491956
716,102403,Allama Iqbal High School,,"Nishat Colony Main Rd, Lahore, Pakistan",74.3914076,31.4950737
717,102418,BISS,+92 42 36830275,"Ghaziabad, Lahore, Pakistan",74.3913138,31.5539543
718,102419,Haji Bustan School,,"Kumhar Pura, Lahore, Pakistan",74.3912337,31.5566916
719,102420,Khud EdTech School,+1 917-523-6904,"Kumhar Pura, Lahore, Pakistan",74.3912685,31.5566705
720,102450,Education Academy Sir Ahsan,,"15, Lahore, Pakistan",74.3918203,31.4860751
721,102451,Education Academy,,"15, Lahore 54000, Pakistan",74.3918685,31.4860795
722,102478,99 Education System,+92 321 4409343,"65-SD Askari Ix,, Zaraar Shaheed Road, Lahore, Pakistan",74.3924422,31.54696196
723,102517,Iqbal Academy,,"Nishat Colony, Lahore, Pakistan",74.39443839,31.492435
724,102522,Bismillah High School,+92 322 4321151,"Nishat Colony, Lahore, Pakistan",74.3941945,31.4958674
725,102527,Fazaia Intermediate College,+92 306 4456265,"PAF Intermediate College، Munir Rd، Lahore, Pakistan",74.3951406,31.5166907
726,102561,Brightway School,,"Nishat Colony, Lahore, Pakistan",74.39710488,31.49292843
727,102566,Fauji Foundation Model School,,"Bedian Rd, Lahore, Pakistan",74.3957261,31.498701
728,102567,FG Model Primary School,,"Amjad Rd, Chitral Lines, Cantonment, Lahore, Punjab, Lahore, Pakistan",74.3967073,31.5296044
729,102574,New Cantt High School,,"Block C, Shalimar Town, Lahore, Punjab, Lahore, Pakistan",74.3968593,31.5494778
730,102606,Jinnah International School,+92 42 37170112,"Keer Rd, Lahore, Pakistan",74.3977913,31.4941658
731,102614,Garrison Academy Chitral Lines,,"Aziz Bhatti Rd, Lahore, Pakistan",74.3980569,31.5298784
732,102647,St Paul's High School,+92 345 4651502,"328-B tajpura scheme (LDA) Lahore Cantt, Lahore, Pakistan",74.3995991,31.558201
733,102694,Sbaksa Science School,,"Tajpura scheme LHR CANTT، Lahore, Pakistan",74.40187358,31.55575628
734,102752,GOVT. GIRLS HIGH SCHOOL TAJPURA SCHAME LAHORE,,"Al-Faisal Town, Lahore, Pakistan",74.4030136,31.5504155
735,102754,Prime Askari School,,"Tajpura, Lahore, Pakistan",74.4029516,31.5555902
736,102755,Milli Foundation High School,+92 300 8187351,"Lahore 54000, Pakistan",74.4035769,31.5554616
737,102759,BIAL SCHOOL SYSTEM AND ACADEMY,+92 300 9437656,"559، Tajpura Main Rd, Lahore, Pakistan",74.402931,31.55886
738,102762,Govt High School,,"Block B, Cantonment, Lahore, Punjab, Lahore, Pakistan",74.40448,31.49147
739,102772,"Syed Public School, Nadirabad",,"Bedian Rd, Lahore, Pakistan",74.4056513,31.4940694
740,102774,Syed Public Rah-e-Danish Girls High School,,"Nadir Abad Colony, Cantonment, Lahore, Punjab, Lahore, Pakistan",74.4046283,31.4947421
741,102791,Arslan Kindergarten and Secondary School,,"11-D، Bahar Shah Road، Lahore, Pakistan",74.4048155,31.5460074
742,102821,Islamic Educators,+92 321 5556837,"Hassan Street, Lahore, Pakistan",74.4045317,31.55432
743,102832,The Punjab Academy & School,+92 302 6135988,"DUBAI CHOWK, Tajpura Main Rd, Lahore, Pakistan",74.4055891,31.5588202
744,102838,Allied School [Nishat Campus],+92 322 6124818,"Lahore - Bedian Rd, Lahore, Pakistan",74.4064432,31.4933078
745,102852,Unique Public High School,+92 301 8472904,"Bedian Rd, Lahore, Pakistan",74.4073614,31.4930748
746,102884,Future Learning center,+92 321 4311203,"Mian Amiruddin Park, Lahore, Pakistan",74.4063941,31.5534425
747,102931,Quaid-e-Azam Academy,+92 320 4019100,"Bhatta Chowk ,Farooqabad Stop, Lahore, Pakistan",74.4086644,31.4901425
748,102945,Rangers Public School for Boys LHR,+92 42 99220061,"Lahore Cantt., Lahore, Pakistan",74.4095421,31.5433941
749,102976,S.A School System,,"Nadirabad, Lahore, Pakistan",74.4098536,31.4954614
750,103060,EFA School Al Rehman Campus,+92 316 4010117,"Ashfaq Chowk near Jorray Pull, Lahore, Pakistan",74.4116275,31.5528618
751,103093,Leads School System,,"Lahore Cantt., Lahore, Pakistan",74.4148656,31.4900294
752,103094,Bagh-e-Rehmat Trust Elementary School,,"Main Defence Rd, Cantonment, Lahore, Punjab, Lahore, Pakistan",74.414767,31.490456
753,103120,Sadiq Khan High School,,"Main Harbanspura Rd, Taj Bagh Housing Scheme, Aziz Bhatti Town, Lahore, Punjab, Lahore, Pakistan",74.41459681,31.55495872
754,103379,Beaconhouse School,+92 42 36501697,"Street 10، Askari X، Lahore, Pakistan",74.4209254,31.5376966
755,103401,Darul Islam School,+92 321 4028871,"84-C Zarar, Zarrar Shaheed Road, Lahore, Pakistan",74.4210625,31.5467306
756,103402,Jadeed Public High School,,"Lahore, Pakistan",74.4204291,31.5508926
757,103403,hassan school system,,"Lahore, Pakistan",74.4206642,31.5513158
758,103406,Hafiz Brothers,+92 341 4443307,"06 Yazdani Rd, Lahore 54850, Pakistan",74.4219936,31.5557883
759,103408,Nazeeria Islamic School,+92 323 8823664,"Lahore Cantt., Lahore, Pakistan",74.423392,31.4858689
760,103456,Al-Maher Public High School,,"Gohawa, Lahore, Pakistan",74.4249272,31.493164
761,103482,city district govt high school,,"Gujjar Pura, Lahore, Pakistan",74.4254493,31.5460713
762,103498,Govt High School,,"Ghazi Rd, Bowali Camp, Cantonment, Lahore, Punjab, Lahore, Pakistan",74.4276309,31.5404818
763,103520,Government Model High School Chungi Gujjar Pura,+92 300 4734656,"Lahore, Pakistan",74.4327187,31.5541805
764,103522,Sehjpall Education System,+92 322 2022122,"Sehajpal, Lahore, Pakistan",74.4335536,31.5056589
765,103531,PB,,"42 block A, 635 Street 8, Lahore, Pakistan",74.4350578,31.5115604
766,103537,Lahore Preschool,,"Unnamed Rd, Lahore, Pakistan",74.4362958,31.5251946
767,103538,Learning Alliance / Lahore Preschool DHA,+92 42 111 666 611,"J Block,, 32 Street 1, Lahore 54000, Pakistan",74.4364528,31.5254593
768,103543,Government Primary School Sehajpal,,"Sehajpal, Lahore, Pakistan",74.4366699,31.5017369
769,103547,LGS International,,"J-Sector, 32/3, Lahore, Pakistan",74.4377241,31.5255011
770,103557,APS Mehfooz Shaheed Garrison,,"Lahore, Pakistan",74.437946,31.5504298
771,103568,New Sardar High School,,"Barki Rd, Park View Cooperative Housing Society, Lahore, Punjab, Lahore, Pakistan",74.43999,31.53044
772,103589,HIGHSCORE ACADEMY,+92 321 8448807,"Dar-e-Arqam School, Near Paragon City, Main Dist., Barki Rd, Lahore, Pakistan",74.4453683,31.5273589
773,103590,Allied School Paragon Campus,+92 307 4400909,"155 Barki Rd, Lahore, Pakistan",74.4450968,31.5286658
774,103606,The City School Paragon Campus,+92 42 37160491,"Paragon City, Lahore, Pakistan",74.4505476,31.533008
775,103619,Lahore Grammar School - Paragon City,+92 333 4312032,"Paragon City, Lahore, Pakistan",74.4520578,31.5333951
776,103624,LACAS - Barki Campus,,"Barki Rd, Lahore, Pakistan",74.4536121,31.5238611
777,103680,"Government Primary School, Ganda Engine",,"Krishna Bazaar, Lahore, Pakistan",74.3228924,31.5717323
778,103807,Sir Syed Cambridge School,,"McLeod Rd, Lahore, Pakistan",74.3225045,31.5670784
779,103853,Cantt Islamia Girls High School,,"Bilal Rd, Gawal Mandi, Lahore, Punjab, Lahore, Pakistan",74.32347802,31.5755455
780,103936,"Government Vocational Training Institute, Dehli Gate, Lahore. (TEVTA)",,"Muhammadi Mohalla, Lahore, Pakistan",74.3249982,31.582603
781,104047,The Spirit School Gawalmandi Campus,+92 42 37246841,"Dil Mohammad Rd, Lahore, Pakistan",74.32641855,31.5714646
782,104059,Idreesia Academy,+92 321 8423431,"TAJ Company, Railway Rd, Lahore, Pakistan",74.3259363,31.5743456
783,104134,Govt Model Middle School,,"Circular Rd, Qadimi Shehar, Lahore 54030, Pakistan",74.32602196,31.58075169
784,104275,Grace English High School,,"68, Flemming Rd, Gawal Mandi, Lahore 54030, Pakistan",74.32781235,31.57079886
785,104382,MUSLIM GRAMMAR SCHOOL,,"Farooq Gunj Mohalla, Lahore, Pakistan",74.3272173,31.5901234
786,104383,Z.A School System,,"Lahore, Pakistan",74.3286372,31.5888834
787,104386,ZA SCHOOL SYSTEM,,"Farooq Gunj Mohalla, Lahore, Pakistan",74.3278708,31.5899762
788,104686,Government Girls High School,,"Qila Gujjar Singh, Lahore, Pakistan",74.331522,31.5663782
789,105027,JAMIA USMANIA,+92 303 4004367,"Australia Masjid,, McLeod Rd, Lahore, Pakistan",74.3334942,31.576142
790,105066,Government Girls High School (Neela School),,"Aziz Road, Misri Shah, Lahore, Lahore 54900, Pakistan",74.3324715,31.586455
791,105155,St Don Bosco Catholic Church,,"Qila Gujjar Singh, Lahore, Pakistan",74.3347359,31.5672832
792,105178,Saint Andrews High School,,"Empress Rd, Shahra-e-Bin Badees, Mayo Gardens, Lahore, Punjab, Lahore, Pakistan",74.3359,31.56685
793,105194,ayesha saddiqua women collage,,"near, دارالحجاج، Nicholson Rd, Lahore, Pakistan",74.3343693,31.5707147
794,105204,International Institute Of Technology,,"Nicholson Rd, Lahore, Pakistan",74.33382304,31.57125634
795,105208,NS Model Girls High School,,"Nicholson Rd, Naulakha, Gawal Mandi, Lahore, Punjab, Lahore, Pakistan",74.33396624,31.57134134
796,105211,Government Muslim League High School,,"Empress Rd, Lahore, Pakistan",74.3355323,31.5703849
797,105222,Kinnaird Academy,,"2 Empress Rd, Lahore, Pakistan",74.3343693,31.5738443
798,105282,Zia-Ul-Aloom,+92 42 37280034,"10, Isa St, Lahore, Pakistan",74.334421,31.5820911
799,105293,Govt. Model Girls High School,,"Near Elahi Park, Lahore, Pakistan",74.3355252,31.5879562
800,105310,Sweet Ways Public School (Zainab Campus),+92 42 37607744,"135-, Shad Bagh Underpass, Lahore, Pakistan",74.3357783,31.6011471
801,105311,Jaggo Institute Of Science & Commerce,+92 345 7772727,"Rajput Park, Lahore, Pakistan",74.3358279,31.601941
802,105316,Alsehar Foundation Girls High School,,"Badami Bagh, Lahore, Pakistan",74.33440502,31.60528672
803,105371,Govt. Kinnaird Girls High School,,"5 Empress Rd, Lahore, Pakistan",74.3358357,31.5729845
804,105464,Al Haq School System,,"Wassan Pura, Lahore, Pakistan",74.336602,31.588563
805,105466,Govt. Kashmir Middle Girl High School,,"Allah Bukhsh St, Lahore, Pakistan",74.3359637,31.5892905
806,105543,Our Tree School,+92 42 37104584,"Tripe Road Gol Bagh, Shadbagh, Lahore, Pakistan",74.3363283,31.6006199
807,105557,Moon Star Boys & Girls Hight School,,"Lahore, Pakistan",74.3363356,31.6044006
808,105560,Govt Girl High School Lah,,"Lahore, Pakistan",74.3369616,31.6076262
809,105577,Green Land High School,,"Plot 3, Davis Rd, Mayo Gardens, Lahore 54000, Pakistan",74.336854,31.5628766
810,105578,Native School System,,"Muhammad Nagar, Lahore, Pakistan",74.3383402,31.5630325
811,105622,Edge System International,+92 321 4227721,"84 Allama Iqbal Rd, Lahore, Pakistan",74.33754999,31.57263262
812,105636,Goverment High School,,"Chamra Mandi (Hide Market), Lahore, Pakistan",74.3379094,31.5813137
813,105639,Al-hamd Science Academy,+92 333 4288540,"Pak Nagar, Lahore, Pakistan",74.3384327,31.5834453
814,105641,London Academic Plan School Chah Miran,+92 42 37609355,"Chah Miran Rd, Lahore, Pakistan",74.337738,31.5870822
815,105645,Heaven School System,,"Wassan Pura, Lahore, Pakistan",74.3386034,31.5865798
816,105649,Modern Standard School,+92 337 8641088,"14/A Opp. Shafi Park, Wassan Pura, Lahore., Lahore, Pakistan",74.3378346,31.5874301
817,105652,Modren Public High School,,"Wassan Pura, Lahore, Pakistan",74.3379328,31.5874284
818,105683,BLUES School,+92 42 37288609,"440, Amir Rd, Lahore, Pakistan",74.337624,31.597111
819,105685,Engineer Bilal Academy,+92 321 4778865,"512 -C near Al- Falah Bank, Lahore, Pakistan",74.3393168,31.597142
820,105710,IS Public Cadet High School,,"296-295, Main Rd, New Shad Bagh, Shad Bagh, Lahore, Punjab, Lahore 54000, Pakistan",74.33887116,31.59903595
821,105715,junior campus high school,+92 42 37285772,"167, Shad Bagh Underpass, Lahore, Pakistan",74.3393366,31.6003256
822,105718,St. Joseph High School Shad Bagh,+92 42 37280335,"162 Iqbal Road, Lahore 54000, Pakistan",74.3384884,31.6005611
823,105724,ALLIED SCHOOL,,"Shad Bagh, Lahore, Pakistan",74.3393775,31.6016974
824,105763,Decent School,,"Muhammad Nagar, Lahore, Pakistan",74.3396851,31.563903
825,105829,Allied School Shadbagh Campus,+92 321 6220256,"New-Shad Bagh, Lahore, Pakistan",74.3404216,31.5961788
826,105835,laps london academic plan school,+92 301 4504905,"Shad Bagh, Lahore, Pakistan",74.3396276,31.599384
827,105840,Step In Academy,+92 42 37285564,"250-D, Shad Bagh Underpass, Lahore, Pakistan",74.340434,31.598934
828,105841,"Government Vocational Training Institute, Shadbagh, Lahore. (TEVTA)",,"Shad Bagh, Lahore, Pakistan",74.3396662,31.6000089
829,105848,AMS School,,"Shad Bagh, Lahore, Pakistan",74.3394613,31.6002796
830,105852,"The Educators, Sahar Campus II",+92 42 37287070,"11-13 G, Amir Road، Shadbagh، Lahore, Pakistan",74.3408608,31.6006768
831,105853,The Educators,,"Shad Bagh, Lahore, Pakistan",74.3405342,31.6008621
832,105854,Sweet Ways Public High School Main Branch(Yousaf Campus),,"9-G, Shad Bagh Underpass, Lahore, Pakistan",74.3406844,31.6007799
833,105855,Bright Ways Public High School,+92 42 37280289,"37, Lahore, Pakistan",74.34076889,31.60099127
834,105887,Lady Griffin High School,,"Garhi Shahu, Lahore, Pakistan",74.3415765,31.5703401
835,105904,Wissen Academy,+92 322 4248874,"House # 20-A, Street 47, Sahuwari Road, Divisional Superintendent Office، Lahore 56000, Pakistan",74.341701,31.573023
836,105919,Government Girls Middle School Sultanpura,,"Sultan Pura, Lahore 54900, Pakistan",74.3417466,31.5836366
837,105935,Govt. High School Chah Miran,,"Chah Miran, Lahore, Pakistan",74.3418914,31.5909949
838,105938,Al-Zumar High School,,"Makhan Pura, Lahore, Pakistan",74.3425378,31.59301
839,105966,Islah Mashra High School,,"Shadbagh Rd, Lahore, Pakistan",74.34231922,31.59788328
840,105967,The Bridge Grammar School,,"Lahore, Pakistan",74.3422471,31.5976666
841,105974,Dar-e-Arqam High School,,"Chohdry Shokat Street, Lahore, Pakistan",74.3427014,31.5991624
842,105975,ZAIB Academy,+92 324 4989935,"H NO.62 Akram Park Shad Bagh, Lahore 54000",74.342124,31.600548
843,105979,The Spirit School,+92 42 37104763,"Gol Bagh Main Rd, Lahore, Pakistan",74.3416178,31.5989808
844,106073,American Lycetuff School,+92 42 36293373,"Muhammad Nagar، Lahore 54000, Pakistan",74.3435671,31.5650935
845,106075,Eurasia Model High School,,"Iqbal Rd, Lahore, Punjab, Lahore, Pakistan",74.34407998,31.56516962
846,106095,Ivars High School,+92 42 36816240,"G.T. Rd, Lahore, Pakistan",74.3441648,31.57967
847,106101,Pak Model Girls High School,,street no.27 house no.1، Lahore 54900,74.3434444,31.5836332
848,106138,Lisc Academy,+92 321 7608787,"Azeem Electric Market Rd, Lahore, Pakistan",74.3438427,31.6024333
849,106139,The Lisc High School,,"azeem park, Amir Rd, Lahore, Pakistan",74.3441726,31.6024027
850,106142,The U.K Grammar School Jhugian,,"Unnamed Rd, Jhuggian Jodha, Jhuggian Jodha, Pakistan",74.3435547,31.6185941
851,106155,Govt Al-Khair Girls Middle School,,"Durand Rd, Garhi shahu, Mayo Gardens, Lahore, Punjab, Lahore, Pakistan",74.3451637,31.5635627
852,106180,Railway High School,,"Jinnah Colony, Baghbanpura, Lahore, Punjab, Lahore, Pakistan",74.34652,31.57271
853,106182,P.R. ST. Andrew's High School,+92 321 4892055,"G.T. Rd, Lahore, Pakistan",74.3450007,31.5776079
854,106183,Saint Andrews High School,,"45, GT Rd, Begumpura, Baghbanpura, Lahore, Punjab, Lahore, Pakistan",74.34543,31.57755
855,106186,S.M Model School,,"19, Lahore, Pakistan",74.3466012,31.5781263
856,106188,"Goverment M.C Model High School, Tezab Ahata",,"Tezab Ahata Rd, Lahore, Pakistan",74.34607774,31.58037087
857,106203,Nestors Academy,+92 344 4800806,"Street# 18 Are wali gali hakeem parak iqbal raod chah miran, Lahore pakistan., Lahore 54900, Pakistan",74.345844,31.585632
858,106218,Allama Iqbal School,,"Makhan Pura, Chah Miran Rd, Lahore, Pakistan",74.3457484,31.5888655
859,106235,Taha Education Centre,+92 333 4903983,"Imam Ghazali Rd, Lahore, Pakistan",74.3457035,31.59279337
860,106236,Lawrance Academy,,"Chah Miran, Lahore, Pakistan",74.3452888,31.5941746
861,106282,M.C Girls High School,,"Sarmad Street No. 6, Lahore, Pakistan",74.3477654,31.5666616
862,106287,P.R High School,,"Hope Rd, Lahore, Pakistan",74.3472002,31.5737101
863,106317,prime tuition services,+92 331 4483780,"Iqbal Rd, Lahore, Pakistan",74.347262,31.5851145
864,106321,Our Own Model High School,,"Chah Miran, Lahore, Pakistan",74.3467247,31.5854703
865,106325,Govt. Boys high school.,,"Chah Miran, Lahore, Pakistan",74.3467999,31.592119
866,106342,Saint Anthony Parish High School,,"Sher Shah Rd, Wasanpura Scheme 2, Shad Bagh, Lahore, Punjab, Lahore, Pakistan",74.3481839,31.5971657
867,106357,Beghum Naseem Khan Girls High School,,"Railway Stadium Road, Lahore, Pakistan",74.34872825,31.56667523
868,106388,Lawrence College The IGS Lahore,+92 42 37606097,"Z Block, Shad Bagh, Street Number 6, Lahore 54900, Pakistan",74.34926791,31.59662591
869,106394,Oxford High School,,"Lahore, Pakistan",74.349187,31.59675
870,106396,Oxford English School,+92 42 37602702,"Scheme No. 2, Lahore, Pakistan",74.3493225,31.5967691
871,106402,Well Graduate High School,,"Bhagat Pura, Lahore, Pakistan",74.3489828,31.6028079
872,106406,Ayat Grammar School,+92 323 4848243,"Nawazish St, Lahore, Pakistan",74.35030303,31.56366882
873,106411,Lahore Model High School,,"Garhi Shahu, Lahore, Pakistan",74.35176806,31.56369584
874,106413,Allied School,,"Mughalpura, Lahore, Pakistan",74.3501808,31.5754137
875,106420,Government Primary School,,"Lahore, Pakistan",74.3517995,31.5768719
876,106439,Scholars Creativity School,,"Chah Miran Rd, Lahore, Pakistan",74.3511745,31.5876454
877,106450,The Knowledge Point School,,"Bhagat Pura, Lahore, Pakistan",74.3515182,31.6011942
878,106452,Sun Shine Public High School,+92 320 4896651,"Bhagat Pura, Lahore, Pakistan",74.3516443,31.6011574
879,106476,Sadat Academy,+92 300 4284811,"Prince Pervez's Tomb,, Lahore, Pakistan",74.3534145,31.5898431
880,106517,University Junior Model School,,"Lahore, Pakistan",74.3547875,31.5828586
881,106518,Govt. Comprehensive Higher Secondary School,,"Ghoray Shah Rd, Lahore, Pakistan",74.3547579,31.5842604
882,106550,Institute Of Business and Management (IBM),+92 331 8620689,"Lahore, Pakistan",74.3568635,31.5785492
883,106555,"Civil Engineering Department, University of Engineering and Technology Lahore",+92 42 99029202,"34 Street 15, Lahore, Pakistan",74.3571823,31.5792278
884,106563,Paragon Academy & School,+92 42 36857258,"Kot Khawaja Saeed, Lahore, Pakistan",74.3571424,31.5903072
885,106579,Radiant Model High School,,"Lahore, Pakistan",74.357113,31.5983388
886,106587,Awan Tution Center Near UET Lahore Mumtaz Awan,+92 345 8169947,"G. T. Road, Lahore, Pakistan",74.3578559,31.575983
887,106609,Quaid-e-Azam Memorial School,+92 321 4014932,"25 Kot Khawaja Saeed, Lahore 54920, Pakistan",74.357565,31.5913567
888,106616,Zanjania Islamic Education,,"China Rd, Lahore, Pakistan",74.3582636,31.5981047
889,106617,The Knowledge School System,+92 312 4780496,"China Rd, Lahore, Pakistan",74.3579525,31.6002819
890,106635,The Punjab School,+92 331 4718854,"Kot Khawaja Saeed, Lahore 54000, Pakistan",74.3600303,31.5909607
891,106663,Government Dar-ul-Furqan Boys High School,,"Begampura, Lahore, Pakistan",74.361729,31.5804914
892,106667,Chiragh Girls School,,"Lahore, Pakistan",74.3624566,31.5828495
893,106679,Ali Hajvairy Acadmy,+92 310 4409902,"Gujjar Pura, Lahore, Pakistan",74.3624129,31.5952569
894,106683,Govt Boys School China Scheem Lahorw,+92 300 8133069,"China Scheme, Lahore, Pakistan",74.3615242,31.6025235
895,106721,The Oxford Grammar School,,"Haq Bahu Rd, Lahore, Pakistan",74.3638211,31.5824325
896,106726,BSM Education System,,"Singhpura, Lahore, Pakistan",74.3640112,31.5837081
897,106731,Madni Primary School,,"Ghaus Park, Lahore, Pakistan",74.3634215,31.5861311
898,106734,The Manchester Grammar School,,"Sher Shah Raod, Lahore, Pakistan",74.3633437,31.5878271
899,106742,City Grammar Schoool,,"Sher Shah Rd, Lahore, Pakistan",74.3630406,31.5881344
900,106744,"Government Technical Training Institute for Women, Gujjarpura, Lahore. (TEVTA)",,"Lahore, Pakistan",74.3633159,31.5904648
901,106745,Kot Khwaja Saeed,+92 333 4184707,"Lahore, Pakistan",74.3637108,31.5919879
902,106746,The Canadian System of Schools,+92 42 37034000,"near wasa tube well haji qamar din park, Main Blvd China Scheme, Lahore, Pakistan",74.3641189,31.591806
903,106756,Daare Arqam,,"China Scheme, Lahore, Pakistan",74.3641383,31.594471
904,106772,The Lahore Lyceum Shalimar Campus,+92 322 4893003,"Main GT Road, G.T. Rd, Lahore, Pakistan",74.3651162,31.5785128
905,106786,Fine English Medium School,,"Afzal Rd, Lahore, Pakistan",74.3659508,31.5859524
906,106804,Islamic Public High School,+92 342 4200007,"Mughalpura, Lahore, Pakistan",74.3662214,31.6003794
907,106808,The Edugates International School,+92 42 36811115,"Wheatman Rd, Lahore, Pakistan",74.36727683,31.57231201
908,106812,Laurel Bank Public School,+92 320 4520552,"Lahore, Pakistan",74.3667423,31.5787036
909,106824,Allied School Baghbanpura Campus,+92 42 36862052,"Singhpura Mor, Lahore, Pakistan",74.367764,31.5788919
910,106825,New English Secondary School,,"Madhu Lal Road, Lahore, Pakistan",74.3678788,31.5794708
911,106836,Safa Model School,+92 42 36880285,"China Scheme, Lahore, Pakistan",74.3676178,31.5954289
912,106838,Govt. Special Education Center,,"College Read, Lahore, Pakistan",74.3672141,31.600636
913,106845,The Educators Sehar Campus,,"Wheatman Rd, Lahore, Pakistan",74.3687564,31.5766799
914,106855,Central Public School,+92 42 36843958,"Bhogiwal Rd, Lahore, Pakistan",74.3681632,31.5802189
915,106867,Kehkashan Foundation,,"Baghbanpura, Lahore, Pakistan",74.3693981,31.5798002
916,106908,Kinder Garten Secondary School,,"GT Rd, Mughalpura, Lahore, Punjab, Lahore, Pakistan",74.37058565,31.57917487
917,106920,The Educators,,"Near Fasal Sweets and Shell Filling Station, G.T. Rd, Lahore, Pakistan",74.3706447,31.5797556
918,106941,THE LITTLE ANGEL GRAMMER SCHOOL,+92 303 4128717,"Lahore, Pakistan",74.3705719,31.5912642
919,106946,Quaid-e-Azam Public High School Atif Park,,"Lahore, Pakistan",74.3701217,31.5972497
920,106954,Arfat Model High School,,"Mughalpura, Lahore, Pakistan",74.3722748,31.5776254
921,106959,"The Educators, Sahar Campus V",+92 42 36825869,"154-GT Road, Baghbanpura، Lahore 54810",74.372617,31.579989
922,106976,Latif Academy Girls High School,,"225, GT Rd, Shalimar Town, Lahore 54030, Pakistan",74.37332,31.58068
923,106978,"Cdg, Bhogewal",,"Lahore, Pakistan",74.372683,31.582553
924,106980,Cdg Boys Primary School Madhoo Lal Hussain,,"Lahore, Pakistan",74.371889,31.584103
925,106985,London Academic Plan School,+92 42 36820633,"14-Post Office Road, Larex Colony Mughalpura, Lahore, Mughalpura Road, Lahore, Pakistan",74.3752742,31.5638781
926,106986,MC Boys High School,,"Mughalpura, Lahore 54000, Pakistan",74.3740833,31.569404
927,106987,Pakistan Railway High School,,"MET 2, Lahore, Pakistan",74.373959,31.5697486
928,106988,GHS CDG Railway Pakkay Quarters Mughalpura,+92 313 4314754,"Humayun Rd, Lahore, Pakistan",74.3741906,31.5696554
929,107002,Imran School System,,"Sehar Rd, Lahore, Pakistan",74.37516975,31.57945352
930,107003,Naveed Foundation High School,,"227, GT Rd, Shalimar Town, Lahore, Punjab, Lahore, Pakistan",74.3735,31.58078
931,107005,Latif Education High School,,"GT Rd, Shalimar Town, Lahore, Punjab, Lahore, Pakistan",74.37368,31.58087
932,107007,Stamford Grammar School,+92 42 36870100,"176 G. T. Road, Lahore 24842, Pakistan",74.3743891,31.5807542
933,107009,Ala-Ud-Din Academy,,"Ghoray Shah Rd, Lahore 54000, Pakistan",74.3736783,31.5823011
934,107024,Sharf Foundation High School,,"Baghbanpura, Lahore 54000, Pakistan",74.3737614,31.5819995
935,107025,NCAS ACADEMY,+92 323 4210316,"Baghbanpura, Lahore, Pakistan",74.37479481,31.58143933
936,107040,"Government Girls Middle School, Baghban Pura",,"Baghbanpura, Lahore, Pakistan",74.374919,31.585951
937,107051,Ilyas Institute,,"ilyas institue moghalpora, Lahore, Pakistan",74.3767584,31.5697048
938,107054,Azeem Ground,+92 322 4537379,"Mughalpura, Lahore, Pakistan",74.3754252,31.5737571
939,107055,The Knowledge School Shalamar Campus,+92 42 37009428,"Mughalpura, Lahore, Pakistan",74.3767346,31.5755604
940,107069,Knowledge House School System,,"Baghbanpura, Lahore, Pakistan",74.3755813,31.5821152
941,107140,Government Primary School,,"Dera Chahal, Pakistan",74.4720282,31.4440225
942,107154,Unity Faith Discipline School,+92 300 8057964,"Sharif Pura, Heir, Pakistan",74.4842838,31.4124053
943,107169,Green Earth Roshni School,,"Bedian Rd, Hair, Pakistan",74.4859907,31.4152726
944,107176,Government Girls High School Hair,,"Hair, Pakistan",74.488163,31.4081907
945,107215,Govt High School Heir,,"Government High School Rd, Heir, Pakistan",74.489713,31.4140549
946,107245,Govt Primary school barki,,"Barki Rd, Barki, Pakistan",74.5112675,31.4773397
947,107246,Ikhwan High School Barki,,"Barki Rd, Barki, Pakistan",74.5113295,31.4756858
948,107249,Govt Elementary School,,"Barki Rd, Barki, Lahore 53200, Pakistan",74.51145496,31.47726213
949,107261,TCF School Houston Campus,,"Lahore, Pakistan",74.5325941,31.4707094
950,107272,Government Model Girls High School,+92 307 0010496,"Model Town Circular Rd, Block E, Model Town, Lahore, Punjab، Lahore, Pakistan",74.321734,31.4839515
951,107273,Govt. Junior Model School,+92 300 9856011,"Model Town Circular Rd, Lahore, Pakistan",74.3307031,31.4839869
952,107292,"EFA School, Ittefaq Town Campus",,"Fazal Block, Lahore, Pakistan",74.2539646,31.4938593
953,107297,Ghosia Masjid,+92 333 4774641,"Maraghzar Colony, Lahore, Pakistan",74.253985,31.4974211
954,107324,"30-H, Canalberg Housing Society Multan Rd",,"30-H, Canalberg Housing Society Multan Rd, Lahore, Pakistan",74.25579573,31.48485849
955,107334,"Govt. High School, Hanjarwal, Lahore",,"Hanjarwal, Lahore, Pakistan",74.2552423,31.4864876
956,107337,Hajveri Lyceum,+92 42 37492504,"Ittefaq Town, Lahore, Pakistan",74.2555149,31.4924367
957,107339,Pakistan Foundation Girls Secondary School,+92 346 6778870,"Ittefaq Town, Lahore, Pakistan",74.2559105,31.4929959
958,107342,Al-Mairage School System,,"Lahore, Pakistan",74.2550683,31.4969171
959,107345,Punjab English Grammar School,,"Lahore, Pakistan",74.2558247,31.4982207
960,107347,Faisal Comprehensive Secondary School,,"Lahore, Pakistan",74.2562632,31.498462
961,107348,Ali Grammar School System & Academy,+92 321 7244218,"Lahore, Pakistan",74.2562498,31.4986598
962,107360,"Government Vocational Training Institute, Awan Town, Lahore",,"Madina Block, Lahore, Pakistan",74.2564208,31.5036959
963,107362,The Salient Academy,+92 321 7258609,"56 m block, Lahore, Pakistan",74.2550297,31.5046267
964,107364,Dresden School & Girls Academy,+92 308 7022234,"32-b Mustafa Park، Multan Road، Lahore, Pakistan",74.2557824,31.5039992
965,107403,"Bilal Ideal Home School, Gosha-e-Ahbab",,"Habib Park Main St, Lahore, Pakistan",74.258177,31.4977885
966,107406,Al Hudaa Public School,,"Lahore, Pakistan",74.2582601,31.4997232
967,107410,Blooming Flower Grammar School,,"Hajvery Rd, Lahore, Pakistan",74.2576821,31.4998868
968,107411,The EduCare School System,,"Hajvery Rd, Lahore, Pakistan",74.2565449,31.4997793
969,107421,"30-H, Canalberg Housing Society Multan Rd",,"30-H, Canalberg Housing Society Multan Rd, Lahore, Pakistan",74.25579573,31.48485849
970,107437,"Govt. High School, Hanjarwal, Lahore",,"Hanjarwal, Lahore, Pakistan",74.2552423,31.4864876
971,107455,Hajveri Lyceum,+92 42 37492504,"Ittefaq Town, Lahore, Pakistan",74.2555149,31.4924367
972,107458,Pakistan Foundation Girls Secondary School,+92 346 6778870,"Ittefaq Town, Lahore, Pakistan",74.2559105,31.4929959
973,107471,"EFA School, Ittefaq Town Campus",,"Fazal Block, Lahore, Pakistan",74.2539646,31.4938593
974,107472,Al-Mairage School System,,"Lahore, Pakistan",74.2550683,31.4969171
975,107476,Ali Grammar School System & Academy,+92 321 7244218,"Lahore, Pakistan",74.2562498,31.4986598
976,107482,Faisal Comprehensive Secondary School,,"Lahore, Pakistan",74.2562632,31.498462
977,107483,The EduCare School System,,"Hajvery Rd, Lahore, Pakistan",74.2565449,31.4997793
978,107487,Punjab English Grammar School,,"Lahore, Pakistan",74.2558247,31.4982207
979,107504,Blooming Flower Grammar School,,"Hajvery Rd, Lahore, Pakistan",74.2576821,31.4998868
980,107507,"Government Vocational Training Institute, Awan Town, Lahore",,"Madina Block, Lahore, Pakistan",74.2564208,31.5036959
981,107512,Dresden School & Girls Academy,+92 308 7022234,"32-b Mustafa Park، Multan Road، Lahore, Pakistan",74.2557824,31.5039992
982,107516,The Salient Academy,+92 321 7258609,"56 m block, Lahore, Pakistan",74.2550297,31.5046267
983,107518,"Lahore Garrsion Grammer School, Boys Campus",+92 42 35961207,"Rizwan Block, Lahore, Pakistan",74.2567058,31.5049454
984,107522,Greater lahore academia,+92 300 4516797,"Shadiwal, Lahore, Pakistan",74.2566122,31.5122181
985,107523,Greater Lahore Academia,+92 42 35973117,"Marghazar Rd, Lahore, Pakistan",74.256628,31.5122584
986,107533,Kanz.Ul.Ilm School,,"Babu Sabu, Lahore, Pakistan",74.257654,31.5369111
987,107560,Zahid Model School,,"Lahore, Pakistan",74.2586772,31.4912531
988,107565,RELIANCE HIGH SCHOOL OF EDUCATING,+92 313 4840856,"Mansoora Bazar, Lahore, Pakistan",74.2593015,31.4930576
989,107570,"Bilal Ideal Home School, Gosha-e-Ahbab",,"Habib Park Main St, Lahore, Pakistan",74.258177,31.4977885
990,107577,Al Hudaa Public School,,"Lahore, Pakistan",74.2582601,31.4997232
991,107582,Jamia Khadija Tul Kubra,+92 333 4431564,"Al-Hamd Park, Lahore, Pakistan",74.2588958,31.5002169
992,107587,Oxford English High School,,"Kausar Block, Lahore, Pakistan",74.2588019,31.5017975
993,107589,Madrassa for Girls,,"Kausar Block, Lahore, Pakistan",74.2593786,31.5023429
994,107591,Govt Girls High School,,"Madina Block, Lahore, Pakistan",74.2580979,31.5041174
995,107592,Imran School System And Acedemy,,"128-C Main Rd Awan Town, Lahore, Pakistan",74.2591406,31.5047416
996,107646,Islamia Model High School,,"Lahore, Pakistan",74.260312,31.4954785
997,107650,The Spectrum High School System,+92 300 4370042,"Cinema wali St, Lahore, Pakistan",74.26136467,31.49579517
998,107665,Iqra Rouza Tul Atfal,,"Hajvery Rd, Lahore, Pakistan",74.2613716,31.4999908
999,107668,Iqra Roza Tul Itfal,,"Awan Town, Lahore, Pakistan",74.2607465,31.5023955
1000,107673,Allied School,,"Main Rd Awan Town, Lahore, Pakistan",74.2606275,31.5046754
1001,107674,Winsome Radical School,,"Main Rd Awan Town, Lahore, Pakistan",74.2609102,31.5046361
1002,107675,"Lahore Garrison Grammar School, Girls Campus",+92 42 35961342,"128-C Main Rd Awan Town, Lahore, Pakistan",74.2612813,31.5050892
1003,107757,Khansa Academy,,"Mansoora Bazar, Lahore, Pakistan",74.26172002,31.49522637
1004,107776,Liaqat Foundation High School,,"Hajvery Rd, Lahore, Pakistan",74.2631371,31.5001328
1005,107778,Knowledge Way,,"Qutab Block, Lahore, Pakistan",74.2612347,31.5041221
1006,107782,Hira Model High School,,"Main Rd Awan Town, Lahore, Pakistan",74.2620581,31.504368
1007,107786,Muslim Academy,,"Main Rd Awan Town, Lahore, Pakistan",74.2630044,31.5043635
1008,107791,Allied School Bakhtayari Campus,+92 42 37759097,"96-97 F Marghazar Rd, Lahore, Pakistan",74.2620474,31.5113266
1009,107799,Talent Hall Grammar School,+92 324 9841400,"93, G-Block, Sabzazar Colony, Multan Road, Lahore., 93 Gulzar-e-Habib Rd, Lahore, Pakistan",74.2617416,31.5217853
1010,107801,"American Lycetuff, Sabzazar Branch",,"American Lycetuff, Sabzazar Branch, Gulzar-e-Habib Rd, Lahore, Pakistan",74.2632642,31.5241169
1011,107804,"Govt. H/S E block, Sabzazar",+92 42 37493030,"Block E, Lahore, Pakistan",74.2623917,31.5278038
1012,107809,Darul Madinah (Sabzazar Branch),+92 42 35461845,"Block E, Lahore, Pakistan",74.2625178,31.5323148
1013,107865,Emaan School,,"Crescent Town, Lahore, Pakistan",74.2636085,31.4999428
1014,107885,Starlight School,+92 333 4276382,"Lahore, Pakistan",74.264976,31.507449
1015,107909,"IIUI Schools, Sabzazar Campus",+92 42 37033493,"Gulzar-e-Habib Rd, Lahore, Pakistan",74.2645391,31.5268169
1016,107910,Educator School,,"Sabzazar Housing Scheme, Lahore, Pakistan",74.2645263,31.5271809
1017,107912,The Educators Sabzazar Campus,+92 42 37449450,"Gulzar-e-Habib Rd, Lahore, Pakistan",74.2649472,31.5277161
1018,107917,Razia Sehgal School,,"Bund Road, Lahore, Pakistan",74.2644377,31.5397983
1019,107999,Intelligent School System,+92 42 35411973,"45/22, Main Rd Hassan Town, Lahore, Pakistan",74.2648336,31.5051507
1020,108000,Intelligent School System (Kids Campus),+92 333 4779090,"Intelligent School System (Kids Campus), 24 Main Rd Hassan Town, Lahore, Pakistan",74.2658714,31.5053074
1021,108020,Alliance Grammar School,+92 42 37016900,"Unnamed Road,, Lahore, Pakistan",74.2665448,31.5210231
1022,108021,Prime Institute,+92 323 4743022,"Near Model Bazar,, 576 Main Boulevard Sabzazar, Lahore, Pakistan",74.2668241,31.5211865
1023,108027,American Lycetuff (O'levels),,"Block G, Lahore, Pakistan",74.2657945,31.5269913
1024,108037,Musrrat Girls School,,"Bund Road, Lahore, Pakistan",74.2662853,31.5392337
1025,108056,Bright Stars School System,+92 336 0002056,"Lahore, Pakistan",74.2657559,31.5509801
1026,108057,Sun Shine Learning System,+92 308 8585435,"160-E, Abou bakar Siddique Colony, GulshaneRavi, Bund Rd, Lahore, Pakistan",74.266191,31.550952
1027,108065,NeedleArt Institute Of Embroidery,+92 313 6040099,"Mansoorah, Lahore, Pakistan",74.26714971,31.49241717
1028,108071,Mansoora Public Girls High School,,"B-1, Mansura, Lahore, Punjab, Lahore, Pakistan",74.26723028,31.49414755
1029,108072,Govt Middle School,,"Zameer Colony, Mansura, Lahore, Punjab, Lahore, Pakistan",74.26761608,31.49464645
1030,108133,The Knowledge School,,"Main Rd Awan Town, Lahore, Pakistan",74.2675218,31.5034121
1031,108211,"Govt. Girls High School, C Block, Sabzazar.",,"Block C, Lahore, Pakistan",74.2680267,31.5298932
1032,108230,Paradise Model School,+92 333 4379786,"H .3/A ,ST.9 , CHOWK ALFATAH BABU SABU BUND ROAD LHR, 9 Waris Street, Lahore 5400, Pakistan",74.26735109,31.54154901
1033,108273,"SOF SCHOOL, 12/C, WARIS COLONY",+92 336 1402101,"12/C SOF School,, Wahdat Rd, Lahore, Pakistan",74.2685233,31.4956624
1034,108376,LDA School,,"Sabzazar, Lahore, Pakistan",74.2687338,31.5172791
1035,108413,Allied School Sabzazar Campus,,"Main Boulevard Sabzazar, Lahore, Pakistan",74.26993903,31.52172495
1036,108495,Lahore City High School,,"Wahdat Rd, Kamran Block, Allama Iqbal Town, Lahore, Punjab, Lahore, Pakistan",74.27001,31.49792
1037,108501,The Country School,,"Kamran Block, Lahore, Pakistan",74.27052375,31.49816576
1038,108559,SUFFAH EDUCATIONAL LYCEUM,+92 42 37830249,"Rasul Park, Lahore, Pakistan",74.271457,31.5133639
1039,108560,Madrissa,,"Jamil Town, Lahore, Pakistan",74.2707968,31.5173655
1040,108564,professor's academy,,"Lahore, Pakistan",74.2721164,31.518064
1041,108612,Saint Merry's School,,"60 Feet Rd, Lahore, Pakistan",74.2718402,31.5399698
1042,108613,New Pak Angels Public School,,"60 Feet Rd, Lahore, Pakistan",74.2717423,31.5430535
1043,108615,Jamiat Public Girls High School,,"Lahore, Pakistan",74.2723015,31.5451839
1044,108723,The Garrison School System,+92 300 4119129,"312-B Sabzazar Scheem Lahore, Main Boulevard Sabzazar, Lahore 54000, Pakistan",74.2731464,31.5236556
1045,108742,govt boys high school sikandria colony bund road lahore,+92 312 4877133,"Bund Rd, Lahore, Pakistan",74.27369856,31.53314356
1046,108744,Al-Faizan Science Academy (Umer-e-Farooq Campus),+92 322 4497590,"Kot Kamboh, Lahore, Pakistan",74.273255,31.5345618
1047,108764,Saint Mary's Kids Campus,,"60 Feet Rd, Lahore, Pakistan",74.2730284,31.5410579
1048,108773,Mehak School And Academy,,"60 Feet Rd, Lahore, Pakistan",74.2736077,31.5421928
1049,108777,Suffah School System,+92 333 4249302,"Zubair Road, Lahore, Pakistan",74.273876,31.5469646
1050,108796,ZiCAS School System,+92 42 35424991,"5 - 6 Wahdat Road, Lahore 52790, Pakistan",74.2745558,31.4936162
1051,108811,Lahore Islamic Mission High School,,"6, Wahdat Rd, Kamran Block, Allama Iqbal Town, Lahore, Punjab, Lahore, Pakistan",74.27548,31.49992
1052,108819,Govt High School for Boys,,"Karim Block, Lahore, Pakistan",74.2752476,31.5043548
1053,108903,Royal Heaven Cambridge School,,390، Lahore، Pakistan,74.2749225,31.5224469
1054,108908,"DAR E ARQAM SCHOOLS, SABZAZAR BRANCH, SABZAZAR, LAHORE, PAKISTAN",+92 42 37832118,"294 B, Main Boulevard Sabzazar, Lahore, Pakistan",74.2750715,31.5248024
1055,108919,Millat-e-Islamia Model High School,,"B BLOCK, Lahore, Pakistan",74.2749861,31.5270305
1056,108920,Tehzeb-ul-Atfal High School,+92 300 4125707,"Jhugian Nagra, Lahore, Pakistan",74.2749867,31.5286283
1057,108943,Nasir High School,,"Lahore, Pakistan",74.2753159,31.5429784
1058,108952,The Smart School,+92 300 4007665,"E Block, Lahore, Pakistan",74.2755336,31.5504252
1059,108956,Eden Rose The School System,,"Mid Road between F and G Block, Lahore, Pakistan",74.2758333,31.5500174
1060,108964,The IMPACT School,+92 42 37745407,"20 Mamdot Block Neighboring Gourmet Bakers، Lahore, Pakistan",74.276914,31.499644
1061,108965,The IMPACT School,+92 42 37745407,"20 Mamdot Block, neighboring Gourmet Bakers, Lahore, Pakistan",74.2769395,31.4995683
1062,108969,Azhar Foundation School,,"437, Street 3, Lahore, Pakistan",74.2759996,31.5069555
1063,109012,govt. school,,"govt boys high school sikandria colony,, Lahore, Pakistan",74.2769493,31.51617
1064,109050,Safa Model High School,,"280, Lahore, Pakistan",74.2767674,31.5255258
1065,109068,American Lycetuff,,"A Block, Lahore, Pakistan",74.2770755,31.5355729
1066,109083,Govt Girls High School,,"E Block, Lahore, Pakistan",74.2771558,31.5519363
1067,109084,LAHORE PUBLIC SCHOOL,,"E Block, Lahore, Pakistan",74.2772996,31.5516011
1068,109093,EFA School Al Mustafa Campus,+92 300 9494562,"Haveli Wahab Khan, Bohar Wala Chowk, Abbas Block, Wahdat Rd, Lahore, Pakistan",74.2779931,31.4988039
1069,109104,The Educators Muhammadan Campus,+92 42 35436352,"Mamdoot Block, Lahore, Pakistan",74.2785333,31.5002112
1070,109168,Ali School System,+92 42 37808792,"Fazal e Haq Rd, Lahore, Pakistan",74.2786929,31.5084306
1071,109171,Beaconhouse School System Allama Iqbal Town Campus,,"Ravi Block, Lahore, Pakistan",74.2779022,31.5125164
1072,109239,Age Institute,+92 321 4443006,"Khuda-Bukhsh Rd, Lahore, Pakistan",74.2781124,31.53327947
1073,109250,Gohar Foundation High School,,"50, Band Rd, Sodhiwal, Gulshan-e-Ravi, Lahore, Punjab, Lahore, Pakistan",74.27898,31.53526
1074,109255,Gulistan Model High School,,"44, Band Rd, Sodhiwal, Gulshan-e-Ravi, Lahore, Punjab, Lahore, Pakistan",74.27947,31.53504
1075,109257,Bright Fiture High School,,"Jan muhammad street mohra shreef bund road, Lahore 54500, Pakistan",74.27764419,31.53984729
1076,109266,Allied School Gulshan-e-Ravi Campus,,"‏Main Blvd Gulshan-e-Ravi, Lahore, Pakistan",74.2778144,31.549989
1077,109271,Sir Syed Model School,,"26-F, Gulshan-e-Ravi Rd, Block F, Gulshan-e-Ravi, Lahore, Punjab, Lahore, Pakistan",74.27812897,31.54998858
1078,109273,Rana Grammar School,+92 42 37413320,"Civic Center Moon Market Gulshan-e-Ravi، Lahore, Pakistan",74.2792179,31.551315
1079,109274,"Rana Grammer School, Boys Campus",,"Civic center، 50-N Moon Market, Gulshan-e-Ravi Rd، لاہور، Pakistan",74.2782157,31.552255
1080,109279,Altaf Mahmood Foundation,+92 42 35962662,"Tech Society, Lahore, Pakistan",74.2810193,31.4842067
1081,109287,Steps Learning Center,+92 42 35461094,"Street 1, Lahore, Pakistan",74.27953137,31.50320817
1082,109372,The Learners Pre School,,"Umar Block, Allama Iqbal Town, Lahore, Punjab, Lahore, Pakistan",74.27999,31.50882
1083,109374,Lahore Reliance Junior School,+92 321 8500073,"5 Fazal e Haq Rd, Lahore, Pakistan",74.2810374,31.5097076
1084,109390,Concordia College Zeenat Block,,"Allied School Allama Iqbal Town Campus, 82-B, Lahore, Pakistan",74.2807478,31.51853525
1085,109483,Tehzeeb-ul-Atfal High School,,"306 B Main Boulevard Sabzazar, Lahore, Pakistan",74.2803669,31.5261983
1086,109508,Al-Mustafa Foundation School,,"Shera Kot, Lahore, Pakistan",74.2794801,31.5400712
1087,109526,Dar-e-Arqam School (Usman Ghani Boys Campus),,"‏Main Blvd Gulshan-e-Ravi, Lahore, Pakistan",74.2804859,31.5499382
1088,109538,Cathedral School,,"Lahore, Pakistan",74.2800338,31.5514968
1089,109545,"Govt Boys High School,531A",,"Gulshan-e-Ravi, Lahore, Pakistan",74.2795524,31.552197
1090,109548,Al Karam Islamic School System,+92 300 4638247,"42 Musarrat colony, Lahore, Pakistan",74.2800132,31.5519301
1091,109675,Concordia College Rachna Block,,"Allama Iqbal Town, Lahore, Pakistan",74.282577,31.5143313
1092,109689,Lahorr Reliance School(seniors),,"Zeenat Block, Lahore, Pakistan",74.2802197,31.5188306
1093,109718,Allied School Allama Iqbal Town Campus,+92 42 36166200,"82-B, Lahore, Pakistan",74.2828614,31.5203403
1094,109775,Five Star Model SChool,,"Dholanwal, Lahore, Pakistan",74.28280954,31.52507295
1095,109803,School of Advance Studies,+92 342 6569856,"Shalimar Road, Lahore, Pakistan",74.2826495,31.538349
1096,109805,Umeed,+92 300 4117086,"Lahore, Pakistan",74.282371,31.5443597
1097,109806,Smart Education System,,"Lahore, Pakistan",74.28290024,31.54426139
1098,109865,Department of French,+92 42 35293858,"Alpha Society, Lahore, Pakistan",74.2846865,31.4867539
1099,109885,Bloomfield Hall School Juniors BWP,+92 62 2874135,"Model Town A, 23-D Rashid Minhas Road, Bahawalpur 63100, Pakistan",74.283336,31.5047899
1100,109916,Govt. Girls School,,"Molana Hasrat Mohani Rd, Lahore, Pakistan",74.2845031,31.511605
1101,109921,DAR-E-ARQAM SCHOOL RACHNA BLOCK,+92 42 37802332,"49-Rachna block Iqbal town Lahore Pakistan, 49 Fazal e Haq Rd, Lahore 540000, Pakistan",74.2845458,31.5127535
1102,109925,KIPS SCHOOL,+92 305 4440572,"140 Allama Iqbal Town, Lahore 54000, Pakistan",74.284472,31.516324
1103,109927,CKC 65,,"65, Lahore Rd, Lahore, Pakistan",74.2845941,31.515127
1104,110016,The Learners School Systemtakia kareem shah dholanwall,+92 300 4162542,"Dholanwal, Lahore, Pakistan",74.2832196,31.5297049
1105,110036,Government Middle School For Boys,,"Sikandria Colony,, Bund Rd, Lahore, Pakistan",74.2836593,31.5339637
1106,110039,The Pakistan Model Girls High School,,"Band Rd, Dholanwal, Sabzazar, Lahore, Punjab, Lahore, Pakistan",74.28437058,31.53288806
1107,110046,Shaheen Habib Public School,,"2 Rana St, Lahore, Pakistan",74.2838135,31.5368859
1108,110053,Shah Hussain College شاہ حسین کالج,,"Hussain St, Lahore, Pakistan",74.28474394,31.53692867
1109,110055,Creative Scholars School,+92 334 4375238,"House 11, 5 Street 5, Lahore, Pakistan",74.28367351,31.54175618
1110,110058,Pak Angels Foundation School / Pak Angels Grammar School,+92 42 37460504,"170, ‏Main Blvd Gulshan-e-Ravi, Lahore 00000, Pakistan",74.2832369,31.5496961
1111,110060,Pak Angels School,,"‏Main Blvd Gulshan-e-Ravi, Lahore, Pakistan",74.2828175,31.5498947
1112,110065,Jamia Al-Noor,+92 42 37463715,"224-C ‏Main Blvd Gulshan-e-Ravi, Lahore, Pakistan",74.2832261,31.5518812
1113,110108,CKC Senior,,"47, 269 Kashmir Block Iqbal Town Lahore Punjab, Riasat Ali Rd, Lahore, Pakistan",74.2850651,31.5131796
1114,110115,THE EDUCATORS SCHOOL SYSTEM,,"41 Fazal e Haq Rd, Lahore, Pakistan",74.2858125,31.5138165
1115,110117,Wapda High School,,"Rachna Block, Lahore, Pakistan",74.2853282,31.5149261
1116,110119,KIPS SCHOOL,+92 42 37814885,"8 Rachna Block Allama Iqbal Town, Lahore 54000",74.286329,31.516492
1117,110124,Talent Hall Girls High School,+92 42 35419752,"Hafiz Taib Rd, Kashmir Block, Allama Iqbal Town, Lahore, Punjab, Lahore, Pakistan",74.2854214,31.5175941
1118,110257,Hope Science Academy,+92 333 4355429,"Manzoor Park, Lahore, Pakistan",74.28514042,31.54434588
1119,110260,Govt Boys High School,,"Govt Boys High School, Lahore, Pakistan",74.286131,31.545628
1120,110307,Bright Career High School,,"Umer Block, Lahore, Pakistan",74.287523,31.5093875
1121,110322,Muhammad Hashir Academy & School,+92 340 4325194,"345, 269 Kashmir Block Iqbal Town Lahore Punjab, Riasat Ali Rd, Lahore, Pakistan",74.286878,31.5193559
1122,110423,Allied school Masood campus,+92 42 37809806,"Ittehad Colony, Lahore, Pakistan",74.2876273,31.5259948
1123,110469,Government Boys High School,,"Sodiwal, Lahore, Pakistan",74.2879629,31.5333013
1124,110494,Bismillah Waseem School,,"Sodiwal Rd, Lahore, Pakistan",74.2882204,31.5371031
1125,110499,Decent Model School (MOON CAMPUS),+92 336 8631919,"# 4-D,, New Shalimar Rd, Lahore, Pakistan",74.28814106,31.54178544
1126,110506,creative scholars school,+92 42 37465895,"nonarian, Chowk, Multan, Pakistan",74.28725268,31.54913917
1127,110519,Naz Education System High School,,"Gulshan-e-Ravi Rd, Block A, Gulshan-e-Ravi, Lahore, Punjab, Lahore 54500, Pakistan",74.28788928,31.54909036
1128,110616,Moon Light School,+92 42 37312560,"Kashmir Block, Lahore, Pakistan",74.289337,31.5209298
1129,110689,Pakistan National School,,"174 Millat Rd, Lahore, Pakistan",74.2893446,31.5246973
1130,110691,National Pre Cadre High School,,"Bait-ul-Raza Colony, Lahore, Pakistan",74.2883679,31.5304802
1131,110692,City Cadet School,,"Al-Mumtaz Rd, Lahore, Pakistan",74.2889953,31.53069
1132,110705,Jamia-Mosque,,"Lahore, Pakistan",74.2883082,31.531555
1133,110748,Allied School Punjab Campus,+92 42 37480995,"Main Road Sodiwal, Multan Road, Lahore, Lahore, Pakistan",74.2895937,31.5364356
1134,110749,Lady Bird School,,"Sodiwal, Lahore, Pakistan",74.2896437,31.5364131
1135,110750,Smart Kids School System,,"Sodiwal, Lahore, Pakistan",74.288734,31.534887
1136,110819,Proficient Institute,+92 42 35466141,"Nizam Block, Lahore, Pakistan",74.2903971,31.5051986
1137,110822,"Stairs International, Lahore",+92 300 2390411,"967, Allama Iqbal Town, Lahore, Pakistan",74.2905864,31.5106355
1138,110841,Khaliqia Foundation Boys High School,+92 332 4738494,"Street 14, Lahore, Pakistan",74.29080863,31.51684755
1139,110843,Stars High School,,"Fazl-e-Haq Rd, Kashmir Block, Allama Iqbal Town, Lahore 54570, Pakistan",74.2903696,31.5177365
1140,110848,Javaid Model High School,+92 42 37803863,"Kashmir Block, Lahore 54570, Pakistan",74.2902642,31.5186254
1141,110917,Anjuman Himayat-e-Islam,,"119 Multan Rd, Lahore, Pakistan",74.2885369,31.5319368
1142,110918,Himayat-e-Islam Public School,+92 42 37584794,"Yateem Khana Chowk, 119 Multan Rd, Lahore, Pakistan",74.2894998,31.5317513
1143,111029,Center for Clinical Psychology,,"Lahore, Pakistan",74.2926623,31.48871
1144,111044,Alliance High School,+92 42 37805450,"905, Lahore 54000, Pakistan",74.2909093,31.510006
1145,111079,CIMS,,"245-7, Lahore, Pakistan",74.2915851,31.5163844
1146,111085,Sanatzar,+92 333 0321771,"Fazal e Haq Rd, Lahore, Pakistan",74.291032,31.518269
1147,111102,Study @ Abroad Education & Migration Advisor - Lahore Pakistan,+92 300 2114183,"Allama Iqbal Town, Lahore, Pakistan",74.29156411,31.52083975
1148,111123,L.D.A Model High School,,"Jahanzeb Block, Lahore, Pakistan",74.2904621,31.5232221
1149,111143,ACTMA,,"Jahanzeb Block, Lahore, Pakistan",74.2897063,31.5236967
1150,111190,Iqra Madina Tus Sabyaan regd,,"Lahore, Pakistan",74.291131,31.5319413
1151,111194,KIPS,,"Multan Rd, Lahore, Pakistan",74.2906682,31.5352069
1152,111294,Iqra Lyceum School,+92 300 8897658,"Agha Street, Lahore, Pakistan",74.2910514,31.5413859
1153,111297,City District Govt Junior Model Girls High School,,"Multan Rd, Nowan Kot, Samanabad Town, Lahore, Punjab, Lahore, Pakistan",74.2927577,31.5409682
1154,111322,THE FORMATERS School System,+92 42 37415237,"Main Blvd Gulshan-e-Ravi, Lahore, Pakistan",74.2923644,31.5452628
1155,111331,The Educators - Gulshan-e-Ravi Branch,+91 423 740 2817,"‏Main Blvd Gulshan-e-Ravi, Lahore, Pakistan",74.2911268,31.5486287
1156,111371,Unique School Boys Campus,,"Block B, Lahore, Pakistan",74.2926514,31.5518332
1157,111378,Institute Of Social and Cultural Studies,,"Lahore, Pakistan",74.2935567,31.4949342
1158,111382,College of Earth & Environmental Sciences,+92 333 4739259,"Lahore, Pakistan",74.2942017,31.4957118
1159,111383,Institute Of Chemistry,,"University of The Punjab, Lahore, Punjab, Pakistan, Lahore, Pakistan",74.2942208,31.4956027
1160,111384,Mir Sikandar Khan,+92 336 5646162,"h 450, 325 Abbas Block، Abbas Block, Mustafa Town, Sayed Irshad Ali Road، Sayed Irshad Ali Road، Lahore, Pakistan",74.2942208,31.4956027
1161,111386,"Lahore School Of Management, LSM, Wahdat Road Lahore",,"Lahore, Pakistan",74.293278,31.5062852
1162,111388,Naveed Majeed Academy,,"54700, Office # 22, 5th Floor, Gohar Center Wahdat Rd, Lahore 54700, Pakistan",74.29345938,31.50588159
1163,111394,Govt. college of technology for printing and graphic arts,+92 42 99239386,"Wahdat Rd, Lahore, Pakistan",74.2929682,31.5110499
1164,111397,National Academy,,"Hunza Block, Lahore, Pakistan",74.29289767,31.51378509
1165,111514,the education tower high school,+92 42 37805494,"Millat Rd, Lahore, Pakistan",74.29291501,31.52749971
1166,111516,Work Acadmey,,"Pukki Thatthi, Lahore, Pakistan",74.2937374,31.5280605
1167,111520,Curious Mind School System,+92 42 37577922,"Al-Mumtaz Rd, Lahore, Pakistan",74.29405501,31.53053304
1168,111683,Allied School Gulshan Ravi Campus (Junior),+92 42 37740070,"43-A, Chauburji Park Rd, Lahore, Pakistan",74.2932137,31.5494226
1169,111686,Masood Ganj School,,"Lahore, Pakistan",74.2933434,31.5483681
1170,111695,Unique School,+92 42 37419585,"New Chuburji Park, Lahore, Pakistan",74.293327,31.5512519
1171,111711,Students' and Kids Inn High School,+92 42 37811490,"Lahore, Pakistan",74.2957199,31.5086694
1172,111733,Allied School,,"Main Blvd Allama Iqbal Town, Lahore, Pakistan",74.2948628,31.517303
1173,111755,CKC Junior,,"30, Chenab Rd, Lahore, Pakistan",74.2946135,31.5179969
1174,111771,Lahore Grammer School,,"24, Lahore 54000, Pakistan",74.2946562,31.5170736
1175,111843,Mian Grammar School (MGS),+92 42 37574636,"Rahmat Ali Rd, Lahore, Pakistan",74.29530446,31.53665185
1176,111846,MACS Academy samanabad,+92 42 37574636,"Rahmat Ali Rd, Lahore, Pakistan",74.29532556,31.53662075
1177,111955,QBANK.PK,,"Jinnah Hospital, Usmani Rd, Lahore, Pakistan",74.2974223,31.4846869
1178,111975,Mian gee,,"Lahore, Pakistan",74.2980692,31.4872721
1179,111986,Federal Institute of Health Sciences Campus 1,+92 42 35419444,"Wahdat Rd, Lahore, Pakistan",74.29671707,31.50743876
1180,111991,The Linderhof Lahore School System Main Branch,+92 42 37804880,"Street 14, Lahore 54000, Pakistan",74.298048,31.5087152
1181,112084,Allied School AlFajar Campus,,"Pak Block, Lahore, Pakistan",74.2971468,31.5179074
1182,112098,The Leaders School,,"Madina Road, Lahore, Pakistan",74.2977798,31.5209347
1183,112101,Unique Junior School,,"Nadeem Shaheed Rd, Lahore 54000, Pakistan",74.2973372,31.5219533
1184,112102,Aglow Access High School,+92 322 4494107,"Nadeem Shaheed Rd, Satluj Block, Allama Iqbal Town, Lahore 54570, Pakistan",74.29636252,31.52257795
1185,112103,ataleeq Islamic Preschool,,"100 Nadeem Shaheed Rd, Lahore, Pakistan",74.2977859,31.5229663
1186,112104,GROOMERS Academy,+92 312 4469169,"Nadeem Shaheed Rd, Lahore, Pakistan",74.2962505,31.5225439
1187,112105,Iqra tahzeb-ul-Itafaal,,"Nadeem Shaheed Rd, Lahore, Pakistan",74.2965757,31.5228018
1188,112124,Minhas Girls High School,+92 310 4687879,"Lahore District, Lahore, Pakistan",74.2978834,31.52804
1189,112198,Special Kids Inn,,"local St, Lahore, Pakistan",74.2968994,31.5513845
1190,112216,Institute Of Administrative Sciences,+92 42 99231164,"Institute of Administrative Sciences, Canal Bank Road, Lahore, Punjab, Lahore, Pakistan",74.2983699,31.4942984
1191,112226,Comprehensive Girls High School,+92 322 7447239,"Wahdat Rd, Lahore, Pakistan",74.2982544,31.5075885
1192,112238,Educare,+92 42 37806806,"6 Hunza Block, Main Boulevard Allama Iqbal Town, Lahore, Pakistan",74.2983108,31.5130632
1193,112341,Khaliqia Foundation Girls High School,+92 332 4738494,"419-Pak Block, Allama Iqbal Town, Lahore, Lahore, Pakistan",74.2984648,31.5194245
1194,112353,Shadab Government High School For Blind Girls,,"128 Block,, Metroville Khyber Pass, Karachi, Pakistan",74.2981976,31.5241511
1195,112374,Al-Azhar Science Acedmy,,"Samanabad, Lahore, Pakistan",74.2995369,31.5311002
1196,112380,Allied School - Daffodils Campus,+92 42 37576161,"Samanabad, Lahore, Pakistan",74.2985955,31.5343078
1197,112385,Naveed Majeed Academy (Samanabad Campus),+92 42 37594496,"Poonch Rd, Lahore, Pakistan",74.2993838,31.5344101
1198,112449,Al-Barakah School - Chauburji Branch,+92 42 37403881,"86/87, Chauburji Park Rd, Lahore 54500, Pakistan",74.2992335,31.5516206
1199,112466,Department of Applied Psychology,+92 333 4739259,"University of the Punjab, Lahore, Pakistan",74.300344,31.494646
1200,112478,ravi school,,"4 St, Lahore, Pakistan",74.30174014,31.50708755
1201,112479,Government Junior Model School,,"Lahore, Pakistan",74.3000272,31.5087605
1202,112506,Govt Pilot School For Boys,,"Wahdat Colony, Lahore, Pakistan",74.3014866,31.5115161
1203,112694,Aizar School,,"Poonch Rd, Lahore, Pakistan",74.30025019,31.53618446
1204,112697,The Educators Al Rauf Campus,,"Poonch Rd, Lahore, Pakistan",74.30025019,31.53618446
1205,112700,The Loyalist Academia,+92 42 37568850,"788-N Poonch Road,Samanabad,Lahore.Pakistan., Lahore, Pakistan",74.300526,31.536938
1206,112702,Allied School Daffodil Campus,+92 42 36122588,"796 N, Poonch Rd, Lahore, Pakistan",74.3003252,31.5373963
1207,112710,LGS Samanabad Campus (Pre-School & Junior),+92 42 37588818,"845-N, Main., Poonch Rd, Lahore, Pakistan",74.300592,31.5384474
1208,112711,American Lycetuff,,"Poonch Rd, Lahore, Pakistan",74.300415,31.5383297
1209,112728,"The Smart School-Al Mairaj Campus, Samanabad. Lahore",+92 42 37575122,"Samanabad, Lahore, Pakistan",74.3009716,31.541794
1210,112758,Govt High School,,"Arjun St, Lahore, Pakistan",74.3010962,31.5469877
1211,112771,Dar-ut-Tazkia School,+92 300 6526224,"Chauburji Park Rd, Lahore, Pakistan",74.3010977,31.5526972
1212,112781,Contech School of Public Health (CSPH),+92 42 35236662,"54 A, HBFC,, Lahore, Pakistan",74.3025139,31.4851381
1213,112784,Danish School Headoffice,+92 42 99231740,"Lahore, Pakistan",74.3017796,31.4866397
1214,112807,Govt Model High School,,"P.U, Lahore, Pakistan",74.3017378,31.5057635
1215,112814,Government Pilot Secondary School For Boys,,"H-61 Wahdat Rd, Lahore, Pakistan",74.3027275,31.5114178
1216,112827,Abdullah Junior School (Regd) 5-B Clifton Colony Madina Road _ Lahore,+92 42 37806229,"5-B, Madina Road, Lahore, Pakistan",74.3031409,31.52123842
1217,112838,Sublime School,,"Nadeem Shaheed Rd, Lahore, Pakistan",74.3015719,31.524246
1218,112933,Central Model school,,"Ghazali Rd, Lahore 54000, Pakistan",74.3032475,31.5351707
1219,112962,Learning Adventure High School System,+92 300 8442574,"65 Main Road Samanabad round-about, Lahore, Pakistan",74.3019878,31.5421552
1220,112985,Govt. High School Chauburji Gardens Lahore,+92 42 99211518,"Lahore, Pakistan",74.3019573,31.5494584
1221,112988,institute,+92 322 9999123,"31-Kamal Street,Islamia Park,Pounch Rd., Lahore 54000, Pakistan",74.302607,31.548505
1222,112989,Government High School,,"Kamal St, Lahore, Pakistan",74.3017334,31.5494237
1223,112994,Allied School Chauburgi Campus,,"Alamgir St, Lahore, Pakistan",74.3031335,31.549597
1224,113026,The Educators,,"Block A, Faysal Town, Abul-ul-Asphani Road,, Lahore, Pakistan",74.3048447,31.4861128
1225,113047,CENTRE FOR SOUTH ASIAN STUDIES,+92 42 99231143,"New Campus,, University of the Punjab, Lahore, Pakistan",74.303627,31.500363
1226,113049,SBS,+92 333 4739259,"University of the Punjab, Lahore, Pakistan",74.3042278,31.5018044
1227,113050,Pakistan Study Center,+92 42 99231148,"Lahore, Pakistan",74.3040508,31.5010863
1228,113063,Altaleem School,+92 42 37566960,"Lahore, Pakistan",74.3034714,31.52131082
1229,113098,Al Jannat School,,"Lahore, Pakistan",74.3038116,31.5283696
1230,113116,Iqbalian Way Public School,,"Third Roundabout, Lahore, Pakistan",74.3032461,31.530263
1231,113128,Huda Foundation school,,"Third Roundabout, Lahore 54000, Pakistan",74.3026507,31.5310071
1232,113129,Native School System,,"Third Roundabout, Lahore, Pakistan",74.3023692,31.5309165
1233,113138,Pakistan Grammar School,,"86 Ghazali Rd, Lahore 54500, Pakistan",74.302647,31.5313181
1234,113145,The Educator,,"Ghazali Rd, Lahore 54000, Pakistan",74.3041368,31.5333593
1235,113168,Selford School System,+92 42 37562223,"147 Ghazali Rd, Lahore 54000, Pakistan",74.305075,31.53531
1236,113177,PARADISE ACADEMY,+92 344 6542543,"138, Ghazali Rd, Lahore, Pakistan",74.30464671,31.53545276
1237,113185,Al-sibgha,,"Ghazali Rd, Lahore, Pakistan",74.3049236,31.5362295
1238,113226,"Govt. Junior Model School, Samanabad.",,"Samanabad, Lahore, Pakistan",74.3051881,31.5389868
1239,113251,Govt School for Physically Disable Children,,"Poonch house quarters, Poonch Rd, Lahore 54000, Pakistan",74.3040133,31.5518264
1240,113285,Rana Science Secondary High School,,"Main Blvd, Block A, Faisal Town, Lahore, Punjab, Lahore, Pakistan",74.30566609,31.48440973
1241,113301,American Lycetuff School,+92 42 35174882,"14 Usmani Rd, Lahore, Pakistan",74.3059088,31.4875415
1242,113303,The City School Model Town Junior,+92 42 35218829,"12-L، 40-L Usmani Road، Lahore 54700, Pakistan",74.3062117,31.4878975
1243,113321,Chemistry Department,,"Lahore, Pakistan",74.3056977,31.5015985
1244,113323,Centre for Undergraduate Studies,+92 333 4739259,"Lahore, Pakistan",74.3060464,31.5020468
1245,113333,UGI Head Office,,"Block D, Lahore, Pakistan",74.3056524,31.5115001
1246,113336,City District Govt High School Wahdat Colony,,"Wahdat Colony, Lahore, Pakistan",74.3059739,31.5138342
1247,113337,LGS 103-A New Muslim Town Lahore,+92 42 35860066,"Postal Colony, Lahore, Pakistan",74.3069815,31.5122618
1248,113343,Govt. Pilot Secondary School,,"Wahdat Colony, Lahore 54600, Pakistan",74.3070546,31.5170395
1249,113348,Al-Munawar School,,"Shah Kamal, Lahore, Pakistan",74.3060273,31.5254569
1250,113350,Little Angels High School,+92 321 4095640,"Lahore, Pakistan",74.3065697,31.5275969
1251,113352,Govt Salmania High School,,"Jinnah Colony, Samanabad Town, Lahore, Punjab, Lahore, Pakistan",74.30564,31.53276
1252,113386,School,+92 42 37562223,"147 Ghazali Rd, Lahore 54000, Pakistan",74.30533111,31.53730899
1253,113433,Madarsa Tul Uloom AnNabaviya,,"Islamia Park, 1-a Fasih Road, Lahore, Punjab, Lahore, Pakistan",74.3054908,31.5476163
1254,113436,PLHR14 VU campus,+92 42 35244784,"Poonch Rd, Lahore, Pakistan",74.3044505,31.5525807
1255,113478,Les Anges Montessori Academy - 72 L,+92 42 35168044,"72, Lahore, Pakistan",74.3069561,31.4859253
1256,113511,COE in Solid State Physics,+92 42 99231136,"Pakistan, Lahore, Pakistan",74.3079056,31.5006527
1257,113512,Department of Library & Information Science,,"Canal Bank Rd, Lahore, Pakistan",74.30843,31.5012572
1258,113544,The City School Muslim Town Juniors,+92 42 35861468,"100-A، Muslim Town Junior Branch، Lahore 54600, Pakistan",74.3075296,31.5122573
1259,113545,Unique Science Academy (99-A),,"Block A, Lahore, Pakistan",74.3080771,31.5119297
1260,113548,The city school ( boys campus),+92 42 35881175,"Block A, Lahore, Pakistan",74.3087986,31.5129473
1261,113549,The City School Muslim Town Campus,+92 42 35881175,"A, 105 Wahdat Rd, Lahore, Pakistan",74.3088841,31.5131865
1262,113552,PEC,,"Wahdat Colony, Lahore, Pakistan",74.3074213,31.5153461
1263,113553,CDG Boys High School Wahdat Colony,,"Wahdat Colony, Lahore, Pakistan",74.3074213,31.5153461
1264,113654,Heritage School System,,"M Block, Lahore, Pakistan",74.310118,31.485392
1265,113655,Heritage Islamic School,+92 42 35166918,"427 m ext, Model Town, Lahore, Pakistan",74.3101258,31.4853786
1266,113659,Iqra Huffaz School,+92 42 35914915,"40-L Usmani Rd, Lahore 54700, Pakistan",74.3092778,31.4913171
1267,113661,Unique High School,,"19 Usmani Rd, Lahore, Pakistan",74.3095936,31.4916383
1268,113683,Dar-e-Arqam School,,"D، Street 50، Lahore, Pakistan",74.3098078,31.5058395
1269,113698,Shaikha Fatima Institute of Nursing and Health Sciences,,"Shaikh Zayed Medical Complex, Khayaban-e-Jamia Punjab, Lahore, Pakistan",74.3092114,31.5091268
1270,113702,Unique High School 93 A,,"Block A, Lahore, Pakistan",74.3093106,31.510965
1271,113703,"The Educators, Sahar Campus I",+92 42 35861390,"135-A New Muslim Town، Lahore 54000, Pakistan",74.309203,31.511448
1272,113706,Unique Group Of Institutions(93-A),,"Block A, Lahore, Pakistan",74.309372,31.5110665
1273,113713,Unique Institute of Technology,+92 345 4409788,"107 Wahdat Rd, Lahore 54000, Pakistan",74.3095359,31.5132232
1274,113714,The City School Muslim Town Juniors 100-A Wahdat Road Lahore,+92 42 35861468,"A,, 100 Wahdat Rd, Lahore, Pakistan",74.30927426,31.51358095
1275,113715,The City School Muslim Town Girls Campus,+92 42 35947710,"110-A Muslim Town Wahdat Road Lahore.، Lahore, Pakistan",74.3099668,31.5137627
1276,113720,The city school girls campus,,"The, Govt Girls High School, Jamshoro, Pakistan",74.3102316,31.5136001
1277,113739,Rising Scholar's Cambridge School,+92 300 9487889,"Mahmood Rd, Lahore, Pakistan",74.3096231,31.5341746
1278,113767,Students Paradise High School,+92 333 4427610,"Tipu Sultan Road, Lahore, Pakistan",74.3090853,31.5397091
1279,113778,Royal Balsam House School,,"Rasool Park, Lahore, Pakistan",74.310413,31.5418351
1280,113780,Coaching Foundation School,+92 42 35466899,"Bagh Gul Begum, Lahore, Pakistan",74.3092372,31.5438747
1281,113858,Unique High School,,"106, Wahdat Rd, Block A, Mulsim Town, Lahore, Punjab, Lahore, Pakistan",74.3111342,31.5142385
1282,113869,wahdat colony,+92 42 56589545,"Wahdat Colony, Lahore, Pakistan",74.312103,31.5166473
1283,113898,Allied School Junior Campus Daffodills,+92 42 37740557,"48 Near TMA Office,Samnabad, Lahore, Lahore, Pakistan",74.311679,31.5406967
1284,113964,OffLine Coaching Centre,+92 315 6515564,"House # 267,, Lahore, Pakistan",74.3125588,31.4911971
1285,113996,Standard Model School,,"New Muslim Town, Lahore, Pakistan",74.3136161,31.5104219
1286,114040,Government Shahab-ud-Din Girls High School,,"Shah Kamal Rd, Lahore, Pakistan",74.3131962,31.521026
1287,114070,School for Advanced Studies,+92 42 37588000,"Shama Road, Lahore, Pakistan",74.3133393,31.5412899
1288,114079,Students Paradise School,,"Fateh Sher Rd, Lahore, Pakistan",74.31297145,31.54749023
1289,114080,Adabistan-e-Soophia School For Boys & Girls,+92 42 37539332,"31-Bahawalpur Road Mozang Chungi, Lahore 54000, Pakistan",74.3132947,31.5496744
1290,114269,The Knowledge School System,,"6 - Wahdat Link Road, Lahore 54600, Pakistan",74.3143395,31.5203938
1291,114276,Govt. Atiqa Model Primary School,,"6 - Wahdat Link Road, Lahore, Pakistan",74.3147361,31.5208923
1292,114284,Nobel Education Center,,"Ichra, Lahore, Pakistan",74.3146559,31.5275823
1293,114287,Kinzul Eman High School,,"Ichra, Lahore, Pakistan",74.31585841,31.52766179
1294,114308,"Ghazi Scholars High School , Fatima Street",,"Ichra, Lahore, Pakistan",74.3152893,31.5371854
1295,114309,GSF School,,"Ichhra, Lahore, Pakistan",74.3154368,31.537382
1296,114315,Goverment Girls High School,,"New Mazang, Lahore, Pakistan",74.3152142,31.5430272
1297,114477,Uzma Academy,,"E,, 154 R Block, Lahore, Pakistan",74.3162009,31.4854878
1298,114478,Bloomfield Hall School,+92 42 35862300,"82-E Model Town, Lahore 44000, Pakistan",74.316673,31.486082
1299,114485,Ideal Muslim School Boys,+92 42 35852611,"Block E, Lahore, Pakistan",74.3165864,31.4864942
1300,114486,Dar-ul-hoda,,"Block E, Lahore, Pakistan",74.3163222,31.4868296
1301,114572,Al-Barakah School - Girls Hifz Branch,+92 42 35852770,"92, Liaqat Baloach St, Lahore, Pakistan",74.3174297,31.51563
1302,114615,jamia faisal lil banat,,"Model Town, Lahore, Pakistan",74.3168858,31.5221432
1303,114628,Umar Tufail Software Works,+92 345 7490674,"Lahore, Pakistan",74.3162652,31.5242183
1304,114631,KIPS SCHOOL,+92 42 35177263,"263/E, Johar Town، Khayaban-e-Firdousi, لاہور",74.3161603,31.5284328
1305,114773,Ubqari Dars,,"Jail Road, Lahore, Pakistan",74.316108,31.5484478
1306,114846,Children's School,,"4-D, Service Rd, Lahore, Pakistan",74.3188358,31.4874958
1307,114864,Lahore School Of Animation,,"Attaturk Block, Lahore, Pakistan",74.3190205,31.4959142
1308,114874,Kips College Garden Town Campus,+92 42 35941922,"12- Lahore، Aibak Street، Lahore, Pakistan",74.31829661,31.4988233
1309,114909,Leicester College of Technology (LCT),,"40, Lahore, Pakistan",74.3190216,31.5028052
1310,114987,United Foundation School,,"Rehmanpura Colony, Lahore, Pakistan",74.31732865,31.51837141
1311,115041,Beacon Islamic School System,,"43-A Sultan Ahmed Rd, Lahore, Pakistan",74.3180761,31.5277541
1312,115219,Rahimia Institute of Quranic Sciences,,"33-A Queen's Road, Lahore, Pakistan",74.31838675,31.54982345
1313,115325,SKANS School of Accountancy,+92 42 35844311,"33, Sher Shah Block, Lahore 54000, Pakistan",74.3212853,31.4965761
1314,115384,Preston University (Technology Campus),,"Ahmed Block, Lahore, Pakistan",74.3203043,31.5120866
1315,115387,The Bridges School,+92 42 35844869,"152 Canal Bank Service Rd, Lahore, Pakistan",74.3211249,31.5129298
1316,115456,Nawa Madrissa School,,"43-A Sultan Ahmed Rd, Lahore, Pakistan",74.3200132,31.5262379
1317,115458,Leeds Academy High School,,"Lahore, Pakistan",74.3207315,31.5294948
1318,115532,Govt ND Islamia High School,+92 303 6868268,"New Samanabad, Samanabad Town, Lahore, Punjab, Lahore, Pakistan",74.32,31.5349
1319,115557,CIMS Corporate Office,,"Lahore, Pakistan",74.32051466,31.53512434
1320,115580,FG Girls Primary School,+92 42 37578209,"Plot 61, Ferozpur Rd, Shershah Colony, Ichhra, Lahore, Punjab, Lahore, Pakistan",74.32023478,31.53603278
1321,115643,"Lahore Literati Montessori School, Luqman Campus",+92 42 37423043,"Jail Road, Lahore, Pakistan",74.3203425,31.5420065
1322,115658,Lahore Scholar's School,,"Lahore, Pakistan",74.3188424,31.5439768
1323,115742,Dar-ul-Mussarat,,"17 Waris Rd, Lahore, Pakistan",74.3201602,31.5499681
1324,115748,Lucie Harrison Girls High School,,"17 Waris Rd, Lahore, Pakistan",74.3204375,31.5491492
1325,115754,Saint Peter's High School,,"Waris Rd, Mozang, Lahore, Punjab, Lahore, Pakistan",74.3198714,31.5501796
1326,115786,Dar-e-Arqam Schools,+92 42 35201557,"57-L, Model Town, Lahore 54000, Pakistan",74.322895,31.4887638
1327,115795,Comprehensive Learning School,,"G, 12 Model Town Circular Road, Lahore, Pakistan",74.32306483,31.48820293
1328,115800,ABCD Learning School,+92 42 35861837,"D 54700, 174 Model Town Circular Road, Lahore, Pakistan",74.32256553,31.49387518
1329,115805,Special Education School,,"31, Lahore, Pakistan",74.321904,31.4964578
1330,115867,JPS School System,,"Main Boulevard Garden Town, Lahore, Pakistan",74.32232,31.5020285
1331,115898,National Officers Academy,,"Faiz Rd, Lahore, Pakistan",74.3216544,31.51939368
1332,115984,Unique Science Academy,,"Ferozepur Rd, Lahore, Pakistan",74.32157753,31.52982217
1333,116080,central college,,"Khayaban-e-Jamia Punjab, Lahore, Pakistan",74.3222097,31.535534
1334,116085,Allied School System,+92 42 37422285,"link road shadman, Lahore, Pakistan",74.3214992,31.5386567
1335,116091,Riaz-ul-Atfal High School,,"GOR3, Shadman, Lahore, Punjab, Lahore, Pakistan",74.32161,31.53892
1336,116148,marrie adilade school,,"Lahore, Pakistan",74.3212662,31.5457971
1337,116258,BELS COLLEGE,+92 42 35914568,"Faiz Rd, Lahore, Pakistan",74.324122,31.5185434
1338,116267,Lahore Institute of Animation & Design,+92 42 35440961,"Noon Avenue, Lahore, Pakistan",74.32469286,31.51846903
1339,116272,The Bridges School,,"152, Punjab College for Women, Lahore, Pakistan",74.3248829,31.5170526
1340,116400,PSRD Computer Training Centre,,"Lahore, Pakistan",74.3228273,31.5287315
1341,116419,Allied School Shah Jamal Campus,+92 42 37502002,"42- Shah Jamal, Near Police Station، شاہ جمال روڈ، Lahore, Pakistan",74.3236126,31.5302473
1342,116443,Zikria School,,"Aslam St, Lahore, Pakistan",74.3231668,31.533726
1343,116467,Rao Foundation High School,,"Zaildar Park, Shadman, Lahore, Punjab, Lahore, Pakistan",74.3225761,31.5357859
1344,116485,Elite School System,+92 42 37560229,"286-A, 1 Shadman Rd, Lahore, Pakistan",74.3246931,31.5422166
1345,116503,Provincial health Department Centre,,"Birdwood Road, Lahore, Pakistan",74.32355094,31.54694506
1346,116643,"SILK School, The Laureate Lahore Campus",+92 42 35889434,"152-Ali Block New Garden Town، Lahore 54000, Pakistan",74.325688,31.504639
1347,116644,"SILK School, The Laureate Campus",,"16 54000, N-Block, Scholars Loop, Lahore 54000, Pakistan",74.3257717,31.5047581
1348,116649,The Laureate Lahore,+92 42 35864645,"152- Ali Block New Garden Town, Lahore 54000",74.3256259,31.5047322
1349,116658,national college,,"A Block, Golding Rd, Lahore, Pakistan",74.325217,31.5096359
1350,116712,Imamia Student Organization,,"NEXET Pakistan, Lahore, Pakistan",74.32447847,31.51999955
1351,116720,Main Office Campus 8 PGC,,"Lahore, Pakistan",74.3260701,31.5215009
1352,116798,Aapa Nisar Fatima Model Girls High School,,"Shadman, Lahore, Punjab, Lahore, Pakistan",74.3249494,31.5284194
1353,116802,Iqra School,+92 321 4039378,"Shadman, Lahore, Punjab, Lahore, Pakistan",74.3250706,31.5294638
1354,116810,iqra rauzatul atfal trust,+92 42 37593132,"Shah Jamal Colony, Lahore, Pakistan",74.3245073,31.5320748
1355,116837,Kids Galaxy high school,,"Kacha Lawrence Rd, Lahore, Pakistan",74.3265478,31.5491612
1356,116842,Suffa Grammar School,+92 42 36374577,"4 Mason Road, Lahore 54000, Pakistan",74.325537,31.550199
1357,116892,Door of Awareness,+92 42 35852888,"105 Block J, Lahore, Pakistan",74.3285199,31.4990307
1358,117024,Jinnah High School,,"Fazlia Colony, Shadman, Lahore, Punjab, Lahore, Pakistan",74.32566,31.52117
1359,117026,City District Govt Boys Primary School,,"Fazlia Colony, Shadman, Lahore, Punjab, Lahore, Pakistan",74.3268378,31.5246704
1360,117036,Yousuf Academy,,"Shah Jamal Rd, Lahore, Pakistan",74.3278464,31.5298344
1361,117040,Educators,,"Shadman, Lahore, Pakistan",74.32787191,31.53121711
1362,117044,American Lystuff School,,"Shah Jamal Colony, Lahore, Pakistan",74.3275201,31.5309305
1363,117046,American Lycetuff Shah Jamal Junior,,"Shah Jamal Colony, Lahore, Pakistan",74.3274896,31.53111
1364,117054,MQ School System,,"Shadman, Lahore, Pakistan",74.3278849,31.5315524
1365,117058,Stepping Stone School,,"Shah Jamal Colony, Lahore, Pakistan",74.328475,31.5320645
1366,117121,Lahore Literati School,+92 314 4731829,"112, Shadman Rd, Shadman Colony 1, Shadman, Lahore, Punjab, Lahore, Pakistan",74.3286798,31.5410002
1367,117122,The City School Nursery Shadman,,"Shadman, Lahore, Pakistan",74.3287253,31.54071
1368,117157,Playground Government Model Boys High School,,"Model Town, Lahore, Pakistan",74.3294835,31.4874323
1369,117159,Govt. Model High Sohool (Boys),,"Model Town Circular Rd, Lahore, Pakistan",74.3303365,31.486377
1370,117185,The New School,,"Block B, Lahore, Pakistan",74.3295116,31.4898407
1371,117198,Punjab Cadet School System,+92 42 35854126,"Block C, Lahore, Pakistan",74.3301056,31.4923131
1372,117229,Allied School,+92 42 35911031,"164-A, Ali Block, behind Zainab hospital, Lahore., Lahore, Pakistan",74.3291026,31.5044343
1373,117233,The City School,,"7-A Main Boulevard Garden Town, Lahore 54700, Pakistan, Lahore, Pakistan",74.3289684,31.503866
1374,117234,The City School Boulevard Campus Kalma Chowk,+92 42 35911102,"3 Ali Block, Main Boulevard Garden Town, Lahore, Pakistan",74.3290611,31.5039849
1375,117235,Hajvery Shorthand & Typing Institute,+92 345 4655266,"M.A.O, College Chowk, Sahiwal, Pakistan",74.3290611,31.5039849
1376,117240,Beaconhouse School System,,"112 Main Boulevard Garden Town, Lahore 54700, Pakistan",74.3296033,31.5054227
1377,117270,blessed Islamic Grammar School,+92 314 3416422,"Service Rd, Lahore, Pakistan",74.32751479,31.5216419
1378,117273,Dandy School Of Fashion Desgning,,"h, 96 R Block, Lahore, Pakistan",74.3294238,31.5251994
1379,117287,Rabia Foundation School,,"54000,, 725 Shadman Rd, Lahore 54000, Pakistan",74.329973,31.533801
1380,117304,Shahid Sethi Academy,+92 300 9860127,"Shadman, Lahore, Pakistan",74.3293149,31.5374677
1381,117310,Saida Waheed FMH College Of Nursing,+92 336 5004487,"Shadman, Lahore, Pakistan",74.3289732,31.538399
1382,117368,The Knowledge School Royal Campus,+92 300 4786902,"Shadman, Lahore, Pakistan",74.3289158,31.5416485
1383,117388,"Lahore Literati Montessori School, Johar Campus",+92 42 37421582,"Shahrah Aiwan-e-Sanat-o-Tijarat, Lahore, Pakistan",74.3296525,31.5434398
1384,117439,Govt. F.D. Model High School,+92 42 35852451,"45-A Tippu Block New Garden Town, Lahore, Pakistan",74.3305988,31.50201
1385,117522,Govt Bashir High School,,"Block B2, Gulberg, Lahore, Punjab, Lahore, Pakistan",74.3311,31.51501
1386,117538,Ibtisam Grammar High School,+92 42 37563311,"230, E Block, Lahore, Pakistan",74.3318946,31.5221473
1387,117542,Bloomfield Hall School,+92 42 37569112,"161A, Shah Jamal, Lahore 54000, Pakistan",74.330727,31.528781
1388,117548,Care Foundation,+92 42 111 333 273,"599 Shadman Colony No. 1, Lahore 54000, Pakistan",74.330609,31.534496
1389,117550,Crescent Model Higher Secondary School,+92 320 9941471,"a, 930 Shadman Rd, Lahore, Pakistan",74.3310697,31.5337844
1390,117603,FRESH Foundation (Green Meadows Schools),,"32, Shadman Road,Shadman I، Lahore, Pakistan",74.3310194,31.540658
1391,117645,Jinnah Foundation School,,"Block A, Lahore, Pakistan",74.3324446,31.4855094
1392,117701,The Right School,+92 42 35883001,"Ferozepur Rd, Lahore, Pakistan",74.3324155,31.5036576
1393,117755,LGS 1-Shah Jamal,+92 42 35403614,"Shah Jamal Rd, Lahore, Pakistan",74.33286248,31.52763978
1394,117836,House of Education School,,"Service Road Jail Road Near APWA College, Service Rd, Lahore, Pakistan",74.3327156,31.5426146
1395,117847,govt nd islamia high school ichra,,"Lahore, Pakistan",74.3324662,31.5488801
1396,117886,Unique High School,,"65l,gullberg3,, Lahore, Pakistan",74.33481,31.5027
1397,117892,Bloomfield Hall School,,"Block L, Lahore, Pakistan",74.3331843,31.5028155
1398,117918,"Kids Kampus, Qaddafi",+92 42 35762091,"32-E/1, Gulberg، Shahrah-e-Hazrat Imam Hussain، Lahore, Pakistan",74.335546,31.516067
1399,117995,Salamat Elementary & Salamat Boys,+92 42 35762061,"23, Lahore, Pakistan",74.3370272,31.5163529
1400,118002,Alma Mater School,+92 42 35712586,"Gulberg III، Main Gulberg, Aisha Siddiqua Rd,، Lahore, Pakistan",74.3356499,31.5303636
1401,118022,Shajar Trust,,"170 Mustafabad City, Lahore, Pakistan",74.3386728,31.493809
1402,118025,"The Educators, Gulberg Campus",,"Block M, Lahore, Pakistan",74.33802437,31.49356752
1403,118104,EVS Training Institute Lahore,+92 42 111 685 822,"349 Ferozepur Road, Lahore 75300, Pakistan",74.336982,31.492203
1404,118114,CDG Boys Primary School,+92 42 35842554,"Bhabra, Lahore, Pakistan",74.3366835,31.4935856
1405,118118,City District Govt Boys Model Primary School,+92 42 35881611,"Plot 333, Ferozpur Rd, Block M, Gulberg 3, Lahore 54660, Pakistan",74.336677,31.4936838
1406,118237,SALAMAT GIRLS CAMPUS,+92 42 35764358,"Block E1, Lahore, Pakistan",74.3372448,31.5131016
1407,118249,Junior Kampus,,"33, Lahore, Pakistan",74.3369436,31.5133667
1408,118253,SICAS Liberty Complex,,"33-34 Shahrah-e-Hazrat Imam Hussain, Lahore, Pakistan",74.3369723,31.5132245
1409,118258,Salamat Shool System,,"23, Lahore, Pakistan",74.3371057,31.5162008
1410,118259,Alma Mater Preschool,,"45/A -1,, E, Lahore, Pakistan",74.3391352,31.5160075
1411,118272,The City School Gulberg Nursery Lahore,+92 42 35752081,"C, 15 Ghalib Rd, Lahore, Pakistan",74.3399894,31.5207018
1412,118273,Esena Foundation High School for Girls,+92 42 35759832,"24 Zahoor Elahi Rd, Lahore 54000, Pakistan",74.3376857,31.5227913
1413,118275,N Block FC College Lahore,,"Zahoor Elahi Rd, Lahore, Pakistan",74.33922684,31.52281899
1414,118276,Les Anges Montessori Academy,+92 42 35777884,"IV, 51 Zahoor Elahi Rd, Lahore, Pakistan",74.3375035,31.5236006
1415,118284,Lahore Law College,+92 331 4431070,"Street 22, Lahore, Pakistan",74.33782372,31.52514413
1416,118290,Lahore Grammar School,+92 42 35750205,"31 F.C.C, Lahore, Pakistan",74.3375757,31.5267696
1417,118313,313 STARTUPS,+92 342 0245447,"Plot No. 90, Suite No. B-7, 1st Floor, Main Canal Road, Canal Park, Gulberg, 2, Lahore 54000",74.337435,31.529934
1418,118333,SICAS Girls,+92 42 35874523,"1 - Ghumman House, Canal Park, Sikandar Ali Malhi Rd, Lahore, Pakistan",74.3397403,31.5300069
1419,118337,Education Centre High School,,"Canal Rd, Shadman 2, Shadman, Lahore, Punjab, Lahore, Pakistan",74.33782486,31.53212203
1420,118349,Forces Academy,+92 341 4014456,"9 Sikandar Ali Malhi Rd, Lahore, Pakistan",74.339746,31.5327166
1421,118488,Salamat School Systems,+92 42 35752757,"Salamat Elementry School Systems, Lahore, Pakistan",74.3404641,31.5061273
1422,118526,Lacas Pre School,,"Hali Rd, Block E, Gulberg, Lahore, Punjab, Lahore, Pakistan",74.34049,31.51411
1423,118544,School of Contemporary and Islamic Learning - Junior Branch,,"17 Hali Rd, Lahore, Pakistan",74.3411973,31.5143951
1424,118566,Darussalam Schools System,+92 321 4211076,"53 E1, near play planet, adjacent Chen One, gulberg III, Lahore, Lahore, Pakistan",74.3407421,31.5163583
1425,118589,Executive Coaching Centre (ECC),+92 345 4055044,"Zahoor Elahi Rd, Lahore 54000, Pakistan",74.34149239,31.52186031
1426,118605,"Beaconhouse School System, LMA Primary",+92 42 35757338,"11 FCC, Syed Maratib Ali Road, Lahore, Pakistan",74.3399301,31.526275
1427,118611,Rosans Islamic School,+92 42 35714523,"Rana Shaukat Mehmood Rd, Lahore, Pakistan",74.3409223,31.529059
1428,118624,Naqeeb Grammar,,"9 Sikandar Ali Malhi Rd, Lahore, Pakistan",74.3401942,31.5307857
1429,118729,Lahore School of Learning,+92 42 35442234,"House, 5 Street 112, Lahore, Pakistan",74.343148,31.501646
1430,118730,Allied School Sir Syed Campus,,"Block G, Lahore, Pakistan",74.3419129,31.5035378
1431,118734,Meem Acedemy,,"86 Street 112, Lahore, Pakistan",74.3433227,31.5019948
1432,118735,Allied School Sir Syed Campous,,"86 Street 112, Lahore, Pakistan",74.34334328,31.50318736
1433,118854,Lahore Preschool,+92 42 35756410,"96 Shamshad Haider Rd, Lahore, Pakistan",74.341793,31.5185139
1434,118894,Sir Talat,,"Block O, Lahore, Pakistan",74.34190543,31.52354767
1435,118908,Lahore Grimmer School,+92 311 7867786,"Street 27, Lahore, Pakistan",74.3428164,31.52652363
1436,118961,Education cente high school,+92 42 37586093,"1 Canal Bank Rd, Lahore 54000, Pakistan",74.3433981,31.538295
1437,118974,Government Girls High School,+92 42 35842552,"Gopal Nagar,, Lahore, Pakistan",74.3438092,31.4887177
1438,119052,National Grammar School,+92 42 35756514,"22 Sir Syed Rd, Lahore 54000, Pakistan",74.344698,31.512908
1439,119220,"COTHM, Sub Campus",,"Block F, Lahore, Pakistan",74.3439017,31.5281119
1440,119234,Lahore Grammar School Boys Junior,,"39 Main Boulevard Gulberg, Lahore, Pakistan",74.3434152,31.5327118
1441,119242,COTHM (College of Tourism & Hotel Management),+92 42 111 113 114,"Jail Rd, Lahore, Pakistan",74.345147,31.533589
1442,119249,The City Kindergarten,,"Mushtaq Gurmani Rd, Gulberg1, Gulberg, Lahore, Punjab, Lahore, Pakistan",74.3446266,31.5328831
1443,119273,Govt Primary School,,"Shadman, Lahore, Punjab, Lahore, Pakistan",74.3444753,31.542937
1444,119275,Govt. Apwa Girls High School GOR I,,"G.O.R. - I, Lahore, Pakistan",74.3448085,31.5433889
1445,119311,Deen Schooling System,+92 42 35772338,"66-B, Park View St, Lahore 54600, Pakistan",74.3461293,31.5041896
1446,119321,scholastic Islamia Boys Branch,,"Block C3, Lahore, Pakistan",74.3467999,31.5051232
1447,119330,noor forces acedamy,,"Noor Jehan Rd, Lahore, Pakistan",74.3459505,31.5082998
1448,119334,Lahore Grammar School,,"Block C3, Lahore, Pakistan",74.3470855,31.5067434
1449,119335,"Corvit Acadmy, Lahore",,"Block C3, Lahore, Pakistan",74.3470932,31.5072316
1450,119381,Prohowbook.com,+92 331 4391414,"Lahore, 54000, Pakistan",74.344679,31.512742
1451,119388,Advanced Centre Of Education,,"23 D-1, Gulberg lll Sir Syed Rd, Lahore, Pakistan",74.3449549,31.5134727
1452,119546,Az Financials,+92 333 8242708,"Main Gulberg, Lahore, Pakistan",74.3464911,31.5290956
1453,119607,Lahore Lyceum,,"Service Road, Lahore, Pakistan",74.3458724,31.5386428
1454,119612,Learning Alliance B Block,,"Gulberg V, Lahore, Pakistan",74.3469061,31.5402498
1455,119626,Airborne Aviation,,"Walton, Lahore, Pakistan",74.3474144,31.4916819
1456,119703,Wise School,,"29 Ali Zaib Rd, Lahore 54000, Pakistan",74.3480618,31.5034828
1457,119707,Scholastic Islamiah,,"Block C3, Lahore, Pakistan",74.3471841,31.5050803
1458,119712,Dar-e-Arqam,,"Block C3, Lahore 54000, Pakistan",74.3480152,31.5046014
1459,119713,LGS 15-C3,,"Block C3, Lahore, Pakistan",74.3476578,31.5069572
1460,119719,Corvit Institute,,"Noor Jehan Rd, Lahore 54000, Pakistan",74.3472916,31.5077716
1461,119752,SCIL School Junior Boys Campus,,"67-c, 2, Lahore",74.3473874,31.5087792
1462,119807,Shajar School Of Modern & Islamic Education Lahore,+92 42 35752838,"Ghalib Rd, Lahore, Pakistan",74.34838318,31.51475521
1463,119937,APEX Grammer School,,"Block F, Lahore, Pakistan",74.3466274,31.525541
1464,119939,Green Hall Academy,+92 312 5314148,"9-F, Main Market, Lahore, Pakistan",74.3466336,31.5253772
1465,119965,"Kids Kampus, Zafar Ali Road",+92 42 35753723,"7/8 Zafar Ali Road، Lahore, Pakistan",74.3475586,31.5355123
1466,119983,Learning Alliance-Aziz Avenue,+92 42 111 666 611,"9, 97 A Aziz Ave. Canal Bank Service Rd, Lahore 54000, Pakistan",74.3476892,31.5407338
1467,119986,National Grammar School,+92 42 35775570,"7B Aziz Ave, Lahore, Pakistan",74.3474704,31.5409962
1468,119996,Ipc ngs,,"Gulberg V, Lahore, Pakistan",74.3484792,31.5419977
1469,119998,Preparatory School - Syed Zulfiqar Ali Block,,"Lahore, Pakistan",74.3472815,31.5491408
1470,120079,Beaconhouse School System,+92 42 35772609,"93-B-III,, Lahore, Pakistan",74.350362,31.5047536
1471,120144,Beaconhouse School System,+92 42 35711229,"47-A/C-II Tariq Rd, Lahore 54671, Pakistan",74.3490332,31.5109811
1472,120148,Roots School System,,"64, Tariq Rd, Block C2, Gulberg, Lahore, Punjab, Lahore, Pakistan",74.34955,31.51038
1473,120158,SG-4,,"Block C2, Lahore, Pakistan",74.3486348,31.5109742
1474,120161,Government Central Model High School for Girls,,"Block C2, Lahore, Pakistan",74.3490332,31.5120249
1475,120162,Aligarh Public School,+92 42 35754957,"38-47 Ghalib Rd, Lahore, Pakistan",74.3493997,31.5127665
1476,120215,International Education System IES,+92 300 4731201,"Javed Iqbal St, Lahore, Pakistan",74.35040654,31.52017058
1477,120285,Lahore Grammar School,+92 42 35712566,"55, Lahore, Pakistan",74.3494914,31.5302598
1478,120300,Beaconhouse A-Level ALGC (BCCG),+92 42 35775778,"2 Zafar Ali Rd, Lahore, Pakistan",74.34950662,31.53657506
1479,120320,Junior School - Gore Block,,"Lahore, Pakistan",74.3492031,31.546292
1480,120321,Gore Block,,"Chinar Ave, Lahore, Pakistan",74.3493457,31.5463976
1481,120327,Campus Boys High School Aitchison College,,"Lahore, Pakistan",74.3496144,31.5523354
1482,120328,Elite Education Consultants,+92 42 36286490,"14 A، White House Lane # 01, Zaman Park، Lahore, Pakistan",74.3503705,31.5512923
1483,120341,Pak School System,,"house no, 71 Street 2, Lahore, Pakistan",74.3509496,31.4994643
1484,120350,Mi Casa Grammar Foundation,+92 42 35944549,"Near Firdous Market,, Lahore, Pakistan",74.3495756,31.5002428
1485,120371,Universal High School and Science Academy,,"27-J Block Gulberg III Near Firdos Market Lahore, Service Rd, Lahore, Pakistan",74.3516064,31.5015436
1486,120392,Scholastic Islamiah,+92 42 35714010,"86-A, Lahore, Pakistan",74.3518315,31.504036
1487,120396,The Lords International School System,+92 42 35760753,"84 B 3, Lahore, Pakistan",74.3519658,31.5054322
1488,120408,Resource Academia,,"Mian Mehmood Ali Kasoori Rd, Lahore, Pakistan",74.3518099,31.5074722
1489,120465,Idara Taleem O Aagahi,,"70-B-1، Gulberg III، Lahore, Pakistan",74.3523999,31.5151318
1490,120604,Lahore Chidren's Centre,,"65 Main Blvd Gulberg, Lahore, Pakistan",74.3508875,31.528035
1491,120679,Jamia-tul-Madina Faizan E Mian Meer,+92 311 4693777,"Canal Bank RD NR faiz Ahmed Faiz Under pass, Lahore, Pakistan",74.3507814,31.5443916
1492,120692,Amin Maktab,,"Block J, Lahore, Pakistan",74.3532234,31.5007104
1493,120697,Universal Montessori Campus,,"55-K Gulberg III Lahore, Service Rd, Lahore, Pakistan",74.353213,31.5007913
1494,120709,Pakistan Cadet High School,,"Ali Zaib Rd W, Block K, Gulberg, Lahore, Punjab, Lahore, Pakistan",74.35417406,31.50205881
1495,120712,Lahore Grammar School 15 C-3,,"Gulberg III, Lahore, Pakistan",74.3530617,31.5040103
1496,120713,Lahore Grammar School,,"Block B3, Lahore, Pakistan",74.3531205,31.5040453
1497,120720,Shan-i-Islam Arqam Boys High School,,"Block B3, Gulberg, Lahore, Punjab, Lahore, Pakistan",74.35404,31.50544
1498,120781,Bloomfield Hall School,,"55, Block B1, Gulberg, Lahore, Punjab, Lahore, Pakistan",74.35322,31.51738
1499,120816,Bloomfield Hall Secretariat,+92 42 35751173,"13 - A Block S Gulberg II Lahore, Lahore 54840, Pakistan",74.352431,31.521584
1500,120841,"Government Staff Training Centre, Gulberg, Lahore. (TEVTA)",,"Block H, Lahore, Pakistan",74.3535697,31.5280353
1501,120843,Lahore Grammar School,,"Gulberg 2, Lahore, Pakistan",74.3535237,31.5272845
1502,120845,SICAS Boys,+92 42 35757498,"19-H, Dr Mateen Fatima Rd, Lahore, Pakistan",74.3539907,31.5270645
1503,120852,The Smart School,+92 42 35878206,"Block H, Lahore, Pakistan",74.3537307,31.5305007
1504,120933,"The Educators Bilqees Campus, Girls Branch",+92 300 8455803,"180 Scotch Corner, Upper Mall, Lahore, Pakistan, Street P, Lahore, Pakistan",74.353431,31.544651
1505,120937,Lahore American School,+92 42 35762406,"Lahore American School Canal Bank Road Near Cot Com Sourcing Pvt, 15 Canal Bank Rd, Lahore 54000, Pakistan",74.3534321,31.5470138
1506,120947,Khalid Academy,+92 333 4376833,"Near Walton Station Walton Colony Main Road, Lahore, Pakistan",74.3548206,31.4880823
1507,120956,LAPS- Gulberg Branch,+92 321 9484187,"Tipu Rd, Lahore, Pakistan",74.3544268,31.506713
1508,121050,Jinnah Public Secondary School,,"16-B, Tipu Rd, Block B1, Gulberg,Punjab، Lahore, Pakistan",74.35485,31.51564
1509,121055,Lahore Grammer School,,"Block B1, Lahore, Pakistan",74.3542832,31.5159979
1510,121064,LGS Preschool 42 B I,,"42 B I,, Gulberg III, Lahore, Pakistan",74.3541937,31.5157698
1511,121072,St. Mary's High School Gulberg,,"Block T, Lahore, Pakistan",74.3535237,31.5194568
1512,121075,Lacas MM Alam Road Branch,,"M. M. Alam Rd, Lahore, Pakistan",74.3533444,31.5179177
1513,121127,Govt High School Halloki,,"Lahore District, Pakistan",74.28895,31.3695777
1514,121154,Maddrsa Um Ul Maddaris,+92 320 4421234,"Nangar, Lahore, Pakistan",74.3024777,31.4019401
1515,121179,"Aziz Jehan Begum Trust Complex For The Blind,Noorabad,Lahore",,"Unnamed Rd, Pakistan",74.32719421,31.3552563
1516,121185,Government Primary School,,"Haveli Chatwāli, Pakistan",74.3330911,31.3587126
1517,121230,inayat foundation academy for the deaf lahore,+92 321 4675509,"Lahore, Pakistan",74.3509677,31.3871389
1518,121240,Sacred Heart Girls Highschool,,"54600, Lahore 54600, Pakistan",74.3534913,31.4055
1519,121243,Lahore Model School,+92 321 8851278,"Kahna, Pakistan",74.3546785,31.3716076
1520,121254,Al-Quran Model School/Academy,+92 322 4742167,"Green Cap Housing Scheme, Lahore, Pakistan",74.353959,31.397484
1521,121258,Green Cap High Scool,,"Green Cap Rd, Lahore, Pakistan",74.3561138,31.3980009
1522,121299,Madrassa-Tul-Madina Faizan-e-Madina Kahna مدرسۃالمدینہ فیضان مدینہ کاہنہ,,"Service Road, Kahna, Pakistan",74.3622332,31.3779042
1523,121302,The Learners School of Science & Arts,,"22 Km Ferozpur Road Lahore., Service Road, Gajju Matah 54600, Pakistan",74.3612248,31.3886114
1524,121304,Islamia Science High School,+92 300 4419541,"Gajju Matah, Pakistan",74.3602578,31.3888472
1525,121351,Lahore Maktab,,"20 Km, Ferozepur Road، Lahore 54600, Pakistan",74.3590469,31.4079266
1526,121372,Ilmi academy Kahna Nau Lahore,+92 345 0786824,"Shalimar Town Kahna Nau, Lahore, Pakistan",74.3639685,31.3697819
1527,121392,AL-RAHEEM School,+92 345 4317232,"Near Railu Wali Masjid, Main Ferozpur Road, Kahna Nau, Lahore, Pakistan",74.3669526,31.3654977
1528,121425,Allied School Kahna Campus,+92 42 35844580,"Kahna, Pakistan",74.363562,31.3768747
1529,121451,EFA Schools (Tayyaba Campus),+92 324 4161995,"Ferozepur Road, Lahore, Pakistan",74.3649316,31.3787593
1530,121466,British Prize Institution,+92 331 4758115,"Gajjumatta Stop Opposite Zewar Marriage Hall (23) Km Ferozepur Road Kahna Nau Lahore, Ferozepur Rd, Gajju Matah, Pakistan",74.364273,31.3881271
1531,121517,The Hope School,,"Satellite Town, Lahore, Pakistan",74.3623067,31.404382
1532,121518,"Minhaj-ul-Quran Model School, Dullu Khurd, Lahore",,"Dullu Khurd, Lahore, Pakistan",74.36335824,31.40649391
1533,121522,The Renaissance School,+92 321 4854227,"24 km main lahore, Ferozepur Rd, Kahna, Pakistan",74.3702648,31.3575743
1534,121567,Iqra Model High School,,"Lahore-Kasur Rd, Kahna Nau, Lahore, Punjab, Kahna, Pakistan",74.3680744,31.363163
1535,121613,Shamim Grammar School (SGS),+92 321 9789094,"28 Number Stop Main Ferozepur Road Kahna Nau Lahore, Kahna, Pakistan",74.373622,31.352849
1536,121637,Great Chancellor Computer Public High School,,"word no 15 shazada road kahna nau, Lahore, Pakistan",74.3703066,31.3647582
1537,121638,Great Chancellor School,,"Word#15 Shahzada Road Kahna,, Kahna, Pakistan",74.3702851,31.3647903
1538,121653,AL-FATTAH MODEL SCHOOL,+92 321 6577692,"Abdullah Town Kahna Nau, Shahzada Aoun o Mohammad Road, Lahore, Pakistan",74.3766384,31.3670004
1539,121771,Bright Way Cambridge High School,,"New Jail Rd, Makhdumabad, Kot Lakhpat, Lahore, Punjab, Lahore, Pakistan",74.3498425,31.4494729
1540,121778,New Tauqeer Islamia Girls High School,,"New Jail Rd, Chungi Amar Sadhu, Kot Lakhpat, Lahore, Punjab, Lahore, Pakistan",74.3495988,31.4492586
1541,121827,Shakarganj Evergreen School,+92 333 4328031,"opp general hospital, Lahore, Pakistan",74.3522974,31.4552392
1542,121923,Skills Academy,,"Walton, Lahore, Pakistan",74.3506344,31.459472
1543,121968,Allied School Hussain Campus,+92 42 35822260,"375-E Kainchi Stop, Ferozepur Road, Lahore, Pakistan",74.3497181,31.4634449
1544,121969,Concept School System,+92 304 1242484,"Qainchi Stop, Ferozpur road,, Lahore, Pakistan",74.3496081,31.4624586
1545,122040,Faisal Model High School,+92 42 35920281,"380 Road, Pumjab,, Walton Road, Lahore, Pakistan",74.3492083,31.4722815
1546,122047,Iqra Roza tul Itfal,,"Service Rd, Lahore, Pakistan",74.3524014,31.472338
1547,122058,Dare-Arqam,,"Lahore, Pakistan",74.3534464,31.4237926
1548,122080,future vision academy,,"Venus Housing Scheme, Lahore, Pakistan",74.3530324,31.4373718
1549,122126,Darul Uloom Jamia Ghosia Sher Rabbani,,"Ferozepur Rd, Lahore, Pakistan",74.35288681,31.45015862
1550,122219,Kf Memorial School,+92 334 4100855,"Amar Sidhu, Lahore, Pakistan",74.35436898,31.4647401
1551,122228,FG Junior Public School,+92 42 35920251,"Walton, Lahore, Pakistan",74.3533605,31.4771796
1552,122231,Sanjan Nagar Public Education Trust School,+92 42 35275646,"Lahore 54600, Pakistan",74.35637,31.4118534
1553,122235,KPSI Little Hearts,+92 42 35923594,"Shadab Garden Street No. 4, Lahore 54600, Pakistan",74.3555399,31.4234719
1554,122360,A.S. Foundation High School For Girls,+92 322 4145044,"Chungi Amar Sadhu, Lahore-Kasur Rd, Lahore., Lahore 54760, Pakistan",74.356284,31.444678
1555,122409,Apex Model High School,,"Gulshan Colony, Lahore, Pakistan",74.35465703,31.4560012
1556,122410,Harvard Visionary Educational School,+92 345 4598785,"Apex Model High School، Lahore, Pakistan",74.35465703,31.4560012
1557,122414,New Horizon School,+92 312 4556569,"Bulleh Shah Road, Lahore, Pakistan",74.3562841,31.4605828
1558,122541,Gulfam Science academy,+92 343 1450571,"Lahore, Pakistan",74.35729987,31.44081707
1559,122543,Amanat Memorial High School For Boys Chungi Amer Sidhu,,"8 Street 7، Lahore, Pakistan",74.356314,31.448837
1560,122559,Newton School,,"Walton, Lahore, Pakistan",74.3582003,31.4625892
1561,122560,Ayesha Public School,+92 312 5824019,"Munawrabad, Lahore, Pakistan",74.35837843,31.46239565
1562,122601,Dar-e-Arqam School,+92 42 35201557,"Ferozepur Rd, Lahore 54600, Pakistan",74.3590681,31.411158
1563,122623,Allied School,+92 42 35821412,"Lahore 54600, Pakistan",74.3592514,31.419277
1564,122624,KPSI (Cadet) School & College,+92 345 8466060,"Khayaban-e-Kareem, Lahore 54600, Pakistan",74.35990637,31.4196235
1565,122708,ABDULLAH Model School,+92 42 35927583,"Salman Park, Lahore, Pakistan",74.3590984,31.4365016
1566,122709,Din-e-Islam Public High School,,"Lahore, Pakistan",74.3596208,31.4367739
1567,122710,Jamal Din Memorial High School,,"Chungi Amer Sadhu, Kamahan Rd, Lahore, Pakistan",74.35853,31.4466961
1568,122746,Orient Academy,,"Lane 3, Lahore, Pakistan",74.35946867,31.47445576
1569,122766,QURBAN TRUST SCHOOL,,"Walton Road, Lahore, Pakistan",74.35872888,31.47926459
1570,122770,Government Girls High School,,"Railway Officer Colony, Lahore 54000, Pakistan",74.3597554,31.4817837
1571,122834,The punjab Academy,,"Kacha Ferozepur Rd, Lahore, Pakistan",74.36186599,31.42363977
1572,122835,Lahore Educators School,,"Lahore, Pakistan",74.3609063,31.4302017
1573,122836,City Cliff Girls High School,+92 42 35270036,"ferozpur road attari, Lahore, Pakistan",74.3617327,31.4303141
1574,122846,Rehbar Public High School,,"Kamahan Rd, Lahore, Pakistan",74.3617743,31.44779199
1575,122851,school,+92 42 35812636,"e81abid Colony Ghazi Road Cantt, Lahore 54810, Pakistan",74.360371,31.460228
1576,122854,Divisional Model Public High School,,"Ghazi Rd, Abid Colony, Shoukat Town, Lahore, Punjab, Lahore 44000, Pakistan",74.3605232,31.4610395
1577,122878,Beaconhouse School System Walton Campus,,"Walton Rd Service Ln, Lahore, Pakistan",74.3608171,31.479271
1578,122880,Lauriston Academia,+92 307 4303355,"Main Boy Scout Stop Walton Road Lahore Cantt., Lahore, Pakistan",74.361747,31.481144
1579,122939,SM Girls Degree College,+92 332 0072472,"Main Bazar Awan Market, Lahore, Pakistan",74.3630082,31.4337089
1580,123025,"Ghouri Wisdom School, Starfish Pakistan",,"Yohannabad Main Bazar, Lahore, Pakistan",74.363837,31.4107162
1581,123076,Bab e Arqam school,,"369 block, Main Bazar, Lahore, Pakistan",74.3630729,31.4222377
1582,123089,Rozi Ali Model High School,+92 314 4147057,"118 Ghazi Rd, Lahore, Pakistan",74.3649574,31.4395985
1583,123090,the halian model high school.,+92 322 5083823,"moyo colony kacha kamaha Rd, Pakistan, Lahore, Pakistan",74.36475494,31.44618026
1584,123097,City District Govt. Girls High School,,"Kamahan Rd, Lahore, Pakistan",74.3644086,31.4514307
1585,123120,Rising Sun Insitute for Special Children,+92 42 35899252,"Sector XX, Lahore, Pakistan",74.3645206,31.4681077
1586,123133,One Shepherd Academy,,"Walton, Lahore, Pakistan",74.3642785,31.4760007
1587,123297,Walton Stop,,"Walton Road, Lahore, Pakistan",74.3655569,31.476715
1588,123303,"Hamza Grammar School, Prime Homes, Lahore",,"Jamy Masjid Prime Homes, Lahore, Pakistan",74.3676937,31.4173806
1589,123304,Bakhtawar School System,,"Nishter Colony, Lahore, Pakistan",74.3673402,31.4191371
1590,123342,Jinnah Public School,+92 324 5050966,"Jinnah Hospital, Lahore, Pakistan",74.3680698,31.4208889
1591,123366,Allied School Pak Campus,,"opp.pcsh kamahan road,chungi amer sidhu, Lahore, Pakistan",74.3673154,31.4540405
1592,123391,Sharif Memorial Public High School,,"Pir Colony. Street no 1, Lahore, Pakistan, Lahore, Pakistan",74.3673989,31.4838337
1593,123394,Jinnah Public School,+92 324 5050966,"Nishter Colony, Lahore, Pakistan",74.3696362,31.4210048
1594,123400,Al Saeed Grammer School,,"Kamahan Rd, Lahore, Pakistan",74.3703443,31.45519
1595,123419,Dar-ul-Ahsan Institute,+92 334 4407449,"Unnamed Rd,, Lahore, Pakistan",74.3710584,31.4223255
1596,123420,Dar-ul-ahsan Institute Of Sciences And Technology,,"Nishter Colony Main Bazar, Lahore, Pakistan",74.3709843,31.4223818
1597,123421,Al hafiz Public School,,"Yasir Block, Rana Park Nishtar Colony,, Lahore, Pakistan",74.37087711,31.42330346
1598,123435,Madrassa Anwaar-Us-Sahabiyyat,,"Ghazi Rd, Lahore, Pakistan",74.37187612,31.46456889
1599,123470,Qasr-e-Quran,,"Street 11, Lahore, Pakistan",74.3724855,31.4709396
1600,123481,Unique Public High School,+92 305 4120180,"Walton، Lahore, Pakistan",74.3716971,31.4802843
1601,123483,Dar-ul-Hikmat High School,,"Lahore, Pakistan",74.3735925,31.4148377
1602,123486,Aabroo Welfare High School,+92 300 4280520,"Atta Buksh Road, Rohi Nala، behind ishter Colony Main Bazar، Lahore 57400",74.372828,31.424378
1603,123497,Scarsdale International School,+92 42 35727191,"193 Street 3, Lahore 54000, Pakistan",74.3744205,31.4633676
1604,123552,Golden Education System,+92 312 4907478,"Millad Chowk Dulu Kalan Lahorr, Dullu, Pakistan",74.3745403,31.4119481
1605,123554,Pakistan Central Ideal School,+92 42 35058759,"Aashiana Rd, Lahore, Pakistan",74.3758833,31.4286163
1606,123604,Leads School System Wahdat Campus,+92 321 8417876,"Street 11, Lahore, Pakistan",74.3754318,31.4717739
1607,123637,Ibn-e-Sina College,+92 321 4000646,"Sector Y, Lahore, Pakistan",74.3750586,31.4759467
1608,123646,Beaconhouse School System (Defence Campus),,"Sector Y, Lahore 54000, Pakistan",74.3761582,31.4764317
1609,123660,Madrassah Daar-ul-Quraah,,"B Block, Lahore, Pakistan",74.3770745,31.4593155
1610,123662,VistaBrainz Professional Development Centre,+92 42 37185721,"Floor,141, Street 2, Lahore, Pakistan",74.3775067,31.4650551
1611,123702,Avantage Peak Performance Club,+92 42 35694640,"142, Y Block Block, Commercial Area, DHA, Lahore 54600, Pakistan",74.377189,31.472792
1612,123834,The Guardian Academy,,"Military Accounts Co-operative Housing Society, Lahore, Pakistan",74.2870858,31.4189927
1613,123910,Steps Learning Center,,"Street 1, Lahore, Pakistan",74.2898017,31.4363526
1614,123912,London Academic Plan School Ghazi Campus,+92 42 35181033,"3-B-1 Punjab Society Ghazi Chowk College road Township, Lahore., Lahore, Pakistan",74.2897989,31.4372282
1615,123937,The Spirit School,+92 42 35212302,"Sutlej Ave, Lahore, Pakistan",74.2897157,31.4373767
1616,123942,Siqara Girls High School,+92 42 35180321,"Near Ghazi Chowk، Hassan St، Lahore, Pakistan",74.288836,31.4389488
1617,123944,Al Huda International,+92 42 35226956,"43 C/1, Nespak Colony, Near Ghazi Chowk, Lahore 54770, Pakistan",74.286967,31.43687
1618,123948,Rana Academy Of Science,,"Sutlej Ave, Lahore, Pakistan",74.2888199,31.4377371
1619,123949,Dar-e-Arqam School,,"Sutlej Ave, Lahore, Pakistan",74.288791,31.4377314
1620,123954,Siqarah Boys High School,+92 42 35212109,"Awasia Housing Society, Allah Yar St, Lahore 54770, Pakistan",74.2899579,31.4382154
1621,123956,Awais Girls High School,,"Awasia Housing Society, Lahore, Pakistan",74.2889617,31.4388945
1622,123987,Head Office Leadership,+92 42 35211004,"354, Block B Revenue Housing Society, Lahore, Pakistan",74.2896374,31.4504233
1623,123991,Leaders Grammar School,,"54000,, 8-9/A, Gulshann-e-Mustafa Scheme PIA Main Boulevard, Lahore 54000, Pakistan",74.2895787,31.4513617
1624,124016,The Smart School,+92 42 35977671,"54000, 8-9/A, Gulshann-e-Mustafa Scheme PIA Main Boulevard, Lahore 54000, Pakistan",74.2886553,31.4534059
1625,124034,The CARE School,+92 333 9993846,"D,, 342 PIA Main Boulevard, Lahore, Pakistan",74.2893637,31.4547967
1626,124053,The Message School System,,"Civic Centre، Lahore, Pakistan",74.2878368,31.4593788
1627,124104,American Lycetuff School,,"644 Service Rd, Lahore 54000, Pakistan",74.2881389,31.4640669
1628,124124,KIPS SCHOOL,+92 42 35220913,"26 F Block Johar Town, Lahore 54000",74.290697,31.465497
1629,124144,KIPS SCHOOL,+92 42 35170210,"F Johar Town, 210 R Block, Lahore 54000, Pakistan",74.28859,31.467655
1630,124145,KIPS SCHOOL,+92 42 35167419,"180 E Block Johar Town, Lahore 54000",74.288708,31.467994
1631,124170,LDA Model High School for Boys,,"Ali St، Lahore, Pakistan",74.2878059,31.4734045
1632,124171,LDA Model High School for Girls,,"416، Street E2، Rawalpindi 46000, Pakistan",74.2873822,31.4736562
1633,124172,LDA Model High School for Girls,,"E-2، 416 Street 10، Lahore, Pakistan",74.2873797,31.4736567
1634,124177,Exel Acadamy,,"Block E1, Lahore, Pakistan",74.28895,31.4749224
1635,124182,The Pallium School,,"605 E2 Johar town, Lahore, Pakistan",74.2885155,31.4758626
1636,124217,Eqbal Educators High School,+92 42 35166696,"249 A, Main Wafaqi Colony Road, New Campus, Lahore., Main Wafaqi Colony Road Canal Bank Rd, Lahore, Pakistan",74.2881702,31.4824933
1637,124227,"Govt. High School, Bagrian",,"Bagrian, Lahore, Pakistan",74.2912506,31.4224102
1638,124228,Aabroo Welfare High School #3,+92 300 4280520,"Bagrian, Lahore, Pakistan",74.2911923,31.429265
1639,124229,Oswa Grammar School,,"Sheraz Town Rd, Lahore, Pakistan",74.2924053,31.4290161
1640,124232,THE CREST SCHOOL,+92 42 35117707,"70-Block no. 1 - Sector CII Township, Lahore 54700, Pakistan",74.292219,31.437195
1641,124321,"Nabeel Science Academy, Ahmad Avenue",+92 332 4901228,"Ahmad Avenue, Lahore, Pakistan",74.29206606,31.44455452
1642,124343,"The Knowledge School Network, Head Office",+92 42 35211071,"C II, Lahore. Admin Building, 3rd Floor، University of Management & Technology Road، Lahore, Pakistan",74.2913798,31.451996
1643,124363,Allama Iqbal Special Edu. Johar Town Lhr,,"Suleman Nadvi Rd, Lahore, Pakistan",74.2921961,31.4631306
1644,124368,Sentinel Academy of Medicsl Sciences,,"Service Rd, Lahore, Pakistan",74.29134874,31.4650534
1645,124370,KIPS SCHOOL,+92 42 35172688,"16/F Service Road، Lahore, Pakistan",74.292253,31.466232
1646,124394,Lahore Grammar School Senior Boys Campus JT,+92 42 35165647,"364 E-1, Lahore 54000, Pakistan",74.2911039,31.4706821
1647,124395,LGS Preschool,+92 42 35172364,"364 E-1 M.A. Johar Town, Lahore 54000, Pakistan",74.291031,31.470976
1648,124399,City District Girls School,,"Wafaqi Colony, Lahore, Pakistan",74.2917006,31.4788266
1649,124452,Dar-e-Arqam School (Boys),+92 42 35122678,"26-C2, College Road، Township، Lahore, Pakistan",74.2930977,31.4402058
1650,124519,Five Star Academy,+92 42 35111817,"19-2 C2, College Rd, Township, Punjab، Lahore, Pakistan",74.293732,31.4426366
1651,124564,School of Business & Economics (SBE),,"Block C2, Lahore, Pakistan",74.2939698,31.4516468
1652,124573,School of Systems and Technology (SST),+92 42 35211027,"University of Management & Technology Rd, Lahore, Pakistan",74.29403,31.4511492
1653,124588,The Spirit School,,"PIA Main Boulevard, Lahore, Pakistan",74.2943563,31.4571214
1654,124596,X Aitchisonians Academy,+92 333 4563690,"23 B-II, Johar Town, Near Alla-hu Chonk, Jammin Java, Lahore 54660, Pakistan",74.293949,31.463893
1655,124597,KIPS SCHOOL,+92 42 35202281,"45/46, Block B, Johar Town, Lahore",74.293165,31.465967
1656,124607,LAPS - Johar Town Branch,+92 42 35754421,"Block F, Lahore, Pakistan",74.293046,31.4666582
1657,124608,Aimen Institue Of Medical Sciences,,"Block B, Lahore, Pakistan",74.2939845,31.4661388
1658,124647,Junior Officers High School,+92 42 35465466,PCSIR STAFF SOCIETY GHAZI CHAWK، College Road، لاہورLahore، Pakistan,74.2950553,31.4293849
1659,124656,Ashraf Model High School,,"Green Town, Lahore, Pakistan",74.2960042,31.4353173
1660,124673,Dar-e-Arqam School (Girls Campus),+92 42 35122678,"33-C، 2 College Rd، Lahore 54770, Pakistan",74.2937937,31.4416226
1661,124765,Shaheen Stationers,,"7-1-C-1 College Road, Lahore, Pakistan",74.2962607,31.4472224
1662,124804,Mohsin Quran Foundation,+92 42 35179202,"499-B, Johar Town, Lahore 54000, Pakistan",74.2952364,31.4647108
1663,124818,The Knowledge School,,"Block E, Lahore, Pakistan",74.2955959,31.4727235
1664,124840,"St. Anthony's High School, Bagrian, Lahore",,"Bagrian, Lahore, Pakistan",74.2969147,31.4251325
1665,124843,Green Kashmir Public High School,,"Ghaus-e-Azam Rd, Bihari Colony, Wapda Town, Lahore, Punjab, Lahore, Pakistan",74.29726647,31.4340891
1666,124924,ZAS ACADEMY,+92 322 8002099,"247-2-CI، College Road، Lahore 54600, Pakistan",74.2978788,31.4456029
1667,124988,Sunshine School,,"24 B-2-C1 College Road, Lahore, Pakistan",74.2978648,31.4504953
1668,124991,sikara girls high school,,"College Road, Lahore, Pakistan",74.29792992,31.45046564
1669,125006,The Educators,,"25 C,, PIA Main Boulevard, Lahore, Pakistan",74.2972001,31.4563505
1670,125012,The Right School,,"PIA Main Boulevard, Lahore, Pakistan",74.297762,31.4569295
1671,125026,The American School,+92 42 35171436,"437 e, Khayaban-e-Firdousi, Lahore, Pakistan",74.2957356,31.4680674
1672,125027,The Educators,,"436, Khayaban-e-Firdousi, Lahore, Pakistan",74.2959901,31.468237
1673,125102,The Trust School,+92 42 35003840,"College Road Near Ameer Chowk, Auqaf Colony, Muhammad Hussain Rd, Lahore, Pakistan",74.2982411,31.4309518
1674,125105,Sirat-ul-Huda Public High School,,"Ghaus-e-Azam Rd, Wapda Town, Lahore, Punjab, Lahore, Pakistan",74.2986971,31.4332908
1675,125144,Lahore Public High School,,"Township, Lahore, Pakistan",74.29921729,31.44126098
1676,125163,The Fast School & Fast Science Academy,+92 311 1777949,"College Road, Lahore, Pakistan",74.2975062,31.4461838
1677,125170,Quaid e Azam Public High School,+92 322 4035975,"191, 192, 207, Lahore 57740, Pakistan",74.2995836,31.4473385
1678,125179,Pakistan Public School,+92 42 35154477,"Block C2, Sector C-1، 1 College Rd، Lahore, Pakistan",74.2988961,31.4508636
1679,125202,Faran College,+92 42 35242399,"30-C-, 2nd Floor, Tanveer Centre College Road, Lahore, Pakistan",74.2981764,31.4508003
1680,125215,PPS for Boys,+92 42 35154477,"Shah Jilani Road, Lahore, Pakistan",74.2989278,31.4509982
1681,125252,The Lahore Garrison,+92 42 35177643,"Block A3, Lahore, Pakistan",74.2991702,31.4576585
1682,125253,Focus Education & Training Systems,+92 332 8347923,"18 B,, Ghazan Rd, Lahore, Pakistan",74.2985999,31.4586259
1683,125255,Mohsin School System,+92 42 35172183,"Ghazan Rd, Lahore, Pakistan",74.2984148,31.458917
1684,125256,Dar-e-Arqam School,,"6-, Ghazan Rd, Lahore, Pakistan",74.2982723,31.460185
1685,125262,Madrasa-Tul-Madina,+92 300 4640526,"Ghazan Rd, Lahore, Pakistan",74.2986754,31.4611717
1686,125263,schoolstrands,+92 42 35177779,"60 B, 1 Johar Town, Lahore, Pakistan",74.29898,31.4608559
1687,125274,The Lahore Garrison School,,"263 B,, Ghazan Rd, Lahore, Pakistan",74.2983022,31.4654113
1688,125302,Beaconhouse School A-level Johar Town,,"405 407 E,، Allah Hoo Chowk، Lahore, Pakistan",74.2984329,31.4699968
1689,125303,Beacon House (A-level),,"498-E, Allah Hoo Chowk,, Khayaban-e-Firdousi, Lahore, Pakistan",74.2984353,31.4700163
1690,125304,Beaconhouse ALJT,,"855-E Allah Hoo Chowk, Lahore, Pakistan",74.298455,31.4699722
1691,125445,Qadam Community School,,"Bagharian Rd, Lahore, Pakistan",74.3002877,31.4328422
1692,125457,Golden Gate High School,,"Bagharian Rd, Township, Lahore, Punjab, Lahore, Pakistan",74.30084496,31.43477262
1693,125458,The Experts Science Academy,+92 334 4607877,"Awan Road, Lahore, Pakistan",74.3006176,31.435767
1694,125459,The Experts Science Academy,+92 334 4607877,"house# 130, Block#6, Sector CII, near azmat chowk, in the street of monir، hotel، Lahore 54000",74.300752,31.435731
1695,125460,Star Grammar School,+92 334 4392952,"3-CII, Lahore, Pakistan",74.30071527,31.4362986
1696,125484,Waheed Book Depot Butt Chowk Township,+92 344 0345300,"547 Wasi Street, Lahore, Pakistan",74.2990495,31.4412513
1697,125496,Girls Wing,,"Block 2 Sector C-1, Lahore, Pakistan",74.3000865,31.4466872
1698,125499,The Punjab School,+92 42 35123451,"Block 2 Sector C-1, Lahore 54000, Pakistan",74.3011878,31.4467126
1699,125500,Boys Wing,,"Block 2 Sector C-1, Lahore, Pakistan",74.3006189,31.4474503
1700,125502,Swimming Pool,,"Block 2 Sector C-1, Lahore, Pakistan",74.3015087,31.4473183
1701,125505,Junior Wing,,"Block 2 Sector C-1, Lahore, Pakistan",74.301692,31.4470802
1702,125519,The Knowledge School Township Campus,+92 42 37032619,"Block 2 Sector C-1, Lahore, Pakistan",74.3011516,31.449453
1703,125522,Lahore Grammar College,+92 42 35114690,"274, Street 2, Lahore, Pakistan",74.3001308,31.4504708
1704,125594,The City Edgate School,+92 42 35203676,"374 Muhammad Ali Chowk College Road, Lahore, Pakistan",74.3008899,31.4599663
1705,125596,Teach a Child School,+92 42 35168904,"95-A, The Helpcare Society (THS), Lahore, Pakistan",74.3003628,31.459574
1706,125610,KIPS SCHOOL,+92 42 35173751,"50-51, A-Block, Lahore 54000, Pakistan",74.300168,31.469629
1707,125617,American Lycetuff,+92 42 111 257 257,"59 A,, Khayaban-e-Jinnah, Lahore, Pakistan",74.3000644,31.4694755
1708,125618,KIPS School,,"50 A,, Khayaban-e-Jinnah, Lahore, Pakistan",74.3002977,31.4695925
1709,125706,Madrassa Ayesha Siddiqa,,"Block A, Lahore, Pakistan",74.299711,31.4808219
1710,125748,Reliance Public School,+92 300 4121537,"Bhatta no 2, Shair Chowk,, Lahore, Pakistan",74.3032201,31.4213164
1711,125784,AIMS GROUP ON INSTITUTIONS,,"625/, Street 3, Lahore, Pakistan",74.3026145,31.4433289
1712,125785,Bloomfield Hall School Township Branch,+92 42 35155306,"Street 1, Lahore 54000, Pakistan",74.30341277,31.44188422
1713,125789,Alhamd Institute,+92 42 35157731,"28-, Street 3, Lahore, Pakistan",74.3026145,31.4433289
1714,125799,Allied School The Punjab Campus,+92 42 35113156,"253, Ghousi Chowk, College Road,, Lahore, Pakistan",74.3016958,31.447813
1715,125911,KIPS SCHOOL,+92 42 35174057,"A Johar Town, 343 R Block, Lahore 54000, Pakistan",74.303277,31.467548
1716,125951,American Lycetuff School,,"Johar Town, Lahore, Pakistan",74.3018943,31.4724312
1717,126055,Aal E Imran School System,+92 42 35219349,"Block B, Lahore, Pakistan",74.3022349,31.4805519
1718,126061,Saint Anthony school,,"90 Milaad St, Lahore, Pakistan",74.3010347,31.4802428
1719,126103,Range rover,,"Green Town, Lahore, Pakistan",74.3044879,31.4342462
1720,126134,Lahore Grammar School Township Boys,,"695-2-D1 Shah Jilani Road, Lahore, Pakistan",74.3043613,31.4487552
1721,126137,Govt Elementary School,,"College Rd, Sector B-2, Township, Lahore 54770, Pakistan",74.3050632,31.4495914
1722,126282,Iqra Medical Academy,+92 42 35173900,"291, Lahore, Pakistan",74.3036968,31.4682605
1723,126289,Liffey International,+92 42 35173938,"Maulana Shaukat Ali Road, Lahore, Pakistan",74.304755,31.468545
1724,126375,Allied School,+92 321 4783666,"No.15-B, Block C, Civic Center, Faysal Town، Lahore, Pakistan",74.3053511,31.4745307
1725,126392,Unique high school faysal town Campus Lahore,,"Block B, Lahore, Pakistan",74.3035439,31.4753976
1726,126394,Jauhar Foundation School,,"Qazi Muhammad Essa Road,, Lahore, Pakistan",74.3037828,31.4754759
1727,126396,UNIQUE High School,+92 42 35218452,"609 B, Qazi Muhammad Essa Road,, Faisal Town, Lahore, Pakistan",74.30311,31.4752604
1728,126397,Unique Science Academy,+92 42 35218452,"609 B,, Model Town Underpass, Lahore, Pakistan",74.3031442,31.4752401
1729,126404,Government Girls School,,"B BLOCK, Lahore, Pakistan",74.3035712,31.4792024
1730,126453,St. Paul's School,,"Sector D1, Lahore, Pakistan",74.3071213,31.4421652
1731,126471,Millat Islamia High School,,"Bagharian Rd, Township, Lahore, Punjab, Lahore, Pakistan",74.30625036,31.4445649
1732,126706,"LGS, C Block, Faisal Town",,"Faisal Town, Lahore, Pakistan",74.30563,31.4712453
1733,126709,LGS LANDMARK FAISAL TOWN,,"A,, 373 C Block, Lahore, Pakistan",74.30419062,31.47250286
1734,126724,GCT LAHORE FOR WOMEN,,"D, Lahore, Pakistan",74.3042004,31.4730727
1735,126726,Johar Foundation High School,,"Block C, Faisal Town, Lahore, Punjab, Lahore, Pakistan",74.30575,31.47358
1736,126727,Bascule,+92 42 35166342,"586 C Block, Lahore, Pakistan",74.3063387,31.4729659
1737,126771,Jauhar Foundation School,,"Block B, Faysal Town, Qazi Muhammad Essa Road,, Lahore, Pakistan",74.3052936,31.4758228
1738,126772,Unique High School & Academy,,"Qazi Muhammad Isa Rd, Lahore, Pakistan",74.3048689,31.4758031
1739,126778,Sir Saeed Acadamy,,"Block B, Faysal Town, Qazi Muhammad Essa Road,, Lahore, Pakistan",74.3047851,31.4757862
1740,126838,Girls High School Green Town,,"Green Town, Lahore, Pakistan",74.308801,31.4339565
1741,126845,Govt Primary School,,"Township, Lahore, Punjab, Lahore, Pakistan",74.3077,31.4404
1742,126846,TheGoalpostSchool,+92 336 9996363,"Street 1, Lahore, Pakistan",74.30858402,31.44201339
1743,126858,Science School,,"Bagharian Rd, Lahore, Pakistan",74.3072879,31.4465668
1744,126859,AIMS Academy,+92 42 35114419,"Head Office: AIMS Group of Institutions 625/3-C1, Township Lahore, Punjab، Shah Jilani Rd، Lahore, Pakistan",74.3074465,31.4475018
1745,126874,Masjid Al Qudas Abdul Majid Salafi,,"Township, Lahore, Pakistan",74.3088879,31.4501121
1746,126893,Lums School System,,"Barkat Chowk, Abu Bakr Rd, Township, Lahore, Punjab, Lahore, Pakistan",74.30666913,31.45737196
1747,126953,Oxford Grammar Secondary School,+92 300 4629558,"120-13-B1, Al-Madina Rd, Main Market, Township, Lahore, Punjab, Lahore, Pakistan",74.3082643,31.4589245
1748,126981,FG Primary School,,"Township, Lahore, Punjab, Lahore, Pakistan",74.3073,31.46261
1749,127010,Al-Zahra High School,,"10 Kashmir Rd, Lahore, Pakistan",74.3071933,31.4652683
1750,127013,Winfield School,+92 320 4667068,"263-16، College Road، Township، Lahore, Pakistan",74.3064051,31.4655071
1751,127081,The Little Harvard Girls High School,+92 42 35165805,"Plot No 798, Shaukat Ali Rd, Block C, Faisal Town, Lahore, Punjab, Lahore, Pakistan",74.3065038,31.4680733
1752,127240,City School,,"Block M, Lahore, Pakistan",74.3078233,31.4823968
1753,127260,Rizwan Public Elementary School,,"29-3, Township, Lahore, Punjab, Lahore, Pakistan",74.3093669,31.4382752
1754,127272,"Govt.Girls High School , 2-D-I , Township , Lahore.",+92 42 35157888,"Sector D1, Lahore, Pakistan",74.3087963,31.4446185
1755,127273,"Govt. Boys High School, 2-D1, Township, Lahore",,"Sector D1, Lahore, Pakistan",74.3083645,31.4448506
1756,127285,Ch Rehmat Ali Memorial Trust Boys Secondary School,,"Shah Jelani Rd, Sector D1, Township, Lahore, Punjab, Lahore, Pakistan",74.30947,31.4473
1757,127286,Abdul Qadeer Boys School,,"Civic Center, Lahore, Pakistan",74.3097579,31.4472636
1758,127319,safdar,,"Sector B-1, Lahore, Pakistan",74.3093241,31.4572675
1759,127320,Al-Roshan School,+92 306 4412172,"Sector B-1, Lahore, Pakistan",74.30929299,31.45733102
1760,127479,Allied School Humayel Campus Lahore,+92 42 35118842,"Sector B-1, Lahore, Pakistan",74.3078032,31.4658472
1761,127497,talent hall grammer school,+92 324 9841400,"939, Maulana Shaukat Ali Road, Lahore, Pakistan",74.30814913,31.46684425
1762,127535,Picit Institute Of Computing And Emerging Sciences,,"Abul Hassan Isfahani Rd, Lahore, Pakistan",74.3090933,31.4711124
1763,127536,Bambini Day Care,,"14-C1 Abul Hassan Isfahani Rd, Lahore, Pakistan",74.3091799,31.4711086
1764,127540,Cathedral School - 4,,"Abul Hassan Isfahani Rd, Lahore, Pakistan",74.3097129,31.4722282
1765,127553,Dar-e-Arqam,+92 42 35161555,"14-C1 Abul Hassan Isfahani Rd, Lahore, Pakistan",74.30949,31.474327
1766,127558,Dar-e-Arqum School,+92 42 35161555,"2 C Faysal Town, Abul-ul-Asphani Road,, Lahore, Pakistan",74.3095379,31.4743293
1767,127573,Rana Higher Secondary School,,"11-C1, Main Blvd, Block C1, Faisal Town, Lahore, Punjab, Lahore, Pakistan",74.30919585,31.47532061
1768,127685,M C Boys High School,,"Sector D-II, Lahore, Pakistan",74.3113659,31.4351047
1769,127687,Falcon Commerce Academy,+92 301 4235716,"Sunday Bazar Rd, Lahore, Pakistan",74.3108235,31.4366697
1770,127689,The Islamic Academy,,"Township, Lahore 54000, Pakistan",74.3107778,31.4372454
1771,127696,Pakistan Progressive High School,,"Township, Lahore, Punjab, Lahore, Pakistan",74.3110996,31.4380784
1772,127698,Town Public High School,,"67-5-D1, Lahore, Pakistan",74.3124032,31.4379411
1773,127707,Lasani Grammar School,,"124 Shah Jilani Road, Lahore, Pakistan",74.3110031,31.4436137
1774,127724,Aghosh Grammar School,+92 42 35116787,"Shah Jilani Road, Lahore, Pakistan",74.310821,31.44651
1775,127758,Fairy Land Educational System,+92 332 4644131,"174 Abu Bakar Rd, Lahore, Pakistan",74.3117682,31.4585096
1776,127759,The Quaid School,,"Sector B-1, Lahore, Pakistan",74.3115878,31.4588325
1777,127764,Government High School Township,,"Township, Lahore 54770, Pakistan",74.3112712,31.4603295
1778,127781,Govt High School,,"Al-Madina Rd, Main Market, Township, Lahore, Punjab, Lahore, Pakistan",74.3097622,31.4606465
1779,127878,American Lyceum School System,+92 42 35115422,"House No 58-1, PECO Rd, Sector B1, Township, Lahore, Punjab، Lahore, Pakistan",74.312417,31.465041
1780,127944,First Step Islamic School,+92 300 4997167,"263, N-Block, Lahore, Pakistan",74.312022,31.4749164
1781,127962,Hira High School Lahore,,"14-C1 Abul Hassan Isfahani Rd, Lahore, Pakistan",74.310462,31.4773743
1782,127986,TIQL: Institute of Quality learning.,,"M Block, Lahore, Pakistan",74.3106293,31.4809176
1783,128032,Tayyaba Foundation High School,+92 42 35114221,"Service Lane, Lahore, Pakistan",74.3133473,31.4365863
1784,128035,Ali Ideal High School,,"Township, Lahore, Punjab, Lahore, Pakistan",74.31276644,31.4377285
1785,128036,FG Primary School,,"Township, Lahore, Punjab, Lahore, Pakistan",74.31273,31.44225
1786,128037,Govt. School,,"Sector D1, Lahore, Pakistan",74.3125775,31.4423174
1787,128041,Edify School System,,"307-Block 4 Shah Jilani Road, Lahore, Pakistan",74.313629,31.4448451
1788,128075,Tehzeeb Ul Binat Govt Girls High School Township Lahore,,"246 Abu Bakar Rd, Lahore, Pakistan",74.3138023,31.4618815
1789,128148,Lahore Foundation High School,,"Ittefaq Rd, Block P, Model Town, Lahore, Punjab, Lahore, Pakistan",74.3126668,31.470924
1790,128150,M.Q. Foundation School,+92 42 35164051,"Block P, Lahore 54700, Pakistan",74.3141627,31.4716808
1791,128160,Allied School,+92 42 35218008,"32-N, Capt. Mushtaq Rd, Lahore, Pakistan",74.3141882,31.4741549
1792,128162,First Step Islamic Montessori and Daycare,+92 300 4997167,"223-B, block Faisal town, Lahore 54000, Pakistan",74.3132696,31.4765071
1793,128219,Allied School,,"696-2-D1 Shah Jilani Road, Lahore, Pakistan",74.3152534,31.4441964
1794,128221,Naeem Nasar High School,,"550-5, Shah Jalani Rd N, Township, Lahore, Punjab, Lahore, Pakistan",74.3158309,31.44395003
1795,128229,Allied Grammar School,,"Service Rd, Lahore 54770, Pakistan",74.3160836,31.4480965
1796,128231,Head Principal Office,,"Sector A2, Lahore, Pakistan",74.3154721,31.4518915
1797,128232,Divisional Public School,+92 42 35150833,"54770, Lahore Metro Bus System, Lahore 54000, Pakistan",74.3158544,31.4527233
1798,128234,Govt. Girls School,,"Sector A2, Lahore, Pakistan",74.3145711,31.4544772
1799,128243,Sirat School,,"Haider Rd, Lahore, Pakistan",74.3150874,31.456072
1800,128253,Seerat School,,"Haider Rd, Lahore, Pakistan",74.3153536,31.4559679
1801,128304,The City School,,"943-B Maulana Shaukat Ali Road, Lahore, Pakistan",74.3154438,31.4637037
1802,128346,Moldingminds Daycare Montessori House,+92 42 35222460,"276-P، لاہورlahore 54700, Pakistan",74.314865,31.470064
1803,128353,Alifya Early Years,+92 301 8455022,"12 P، Model Town Extension، Lahore, Pakistan",74.314372,31.473971
1804,128382,Model Scholars Academy,+92 42 35916885,"Block K, Lahore, Pakistan",74.31419966,31.48219467
1805,128414,Tehfeez-ul-Quran Institute for Girls,+92 42 35116782,"Shah Jelani Rd, Sector D1, Township, Lahore 54770, Pakistan",74.3172479,31.4438872
1806,128417,Minhaj-ul-Quran Girls Model High School,,"Shah Jelani Rd, Sector D1, Township, Lahore, Punjab, Lahore, Pakistan",74.3177629,31.4436944
1807,128434,Azeem Talent High School,,"Haider Rd, Township, Lahore, Punjab, Lahore, Pakistan",74.31707,31.45527
1808,128435,Azeem Science Acadamy,,"Haider Rd, Lahore, Pakistan",74.3170726,31.4553456
1809,128441,BeaconHouse 78-A1 (Girls),,"Sector A1, Lahore, Pakistan",74.3165824,31.4593542
1810,128446,Beacon House School,,"Maulana Shaukat Ali Road, Lahore, Pakistan",74.3163709,31.4634132
1811,128543,Al-Islah Center,,"Model Town Extension, Lahore, Pakistan",74.3165963,31.4703739
1812,128552,Jinnah Foundation High School,,"Lahore, Pakistan",74.317401,31.4692759
1813,128566,LGS 14-K,,"Block K, Lahore, Pakistan",74.3167859,31.4783239
1814,128567,Sadia Campus,,"Block F, Lahore, Pakistan",74.31766402,31.47943522
1815,128598,UMT School of Business & Commerce & ILM,+92 42 36145232,"Quaid-e-Azam Industrial Estate, Lahore, Pakistan",74.3189793,31.4434873
1816,128610,Lahore Muslim Grammar School & Academy,,"Block 5 - Sector A2, Lahore, Pakistan",74.3191047,31.4495074
1817,128640,Darul Hooner,,"54770, Haider Rd, Lahore 54770, Pakistan",74.3191577,31.4545469
1818,128830,A-1 Girls High School,,"Sector A1, Lahore, Pakistan",74.3209075,31.4577037
1819,128855,dar-ul-madinah,+92 321 4566068,"Taj Bagh Scheme, Lahore, Pakistan",74.3198877,31.4645423
1820,128907,The Abacus School,+92 42 35838810,"17, Model Town Link Rd, Lahore, Pakistan",74.3209692,31.471418
1821,128909,Epic Islamic School,+92 300 8429529,"13/F Block, Model Town,, Link Road, Lahore, Lahore 54000, Pakistan",74.3204234,31.4738086
1822,128914,Al-Syed School System,,"18 Model Town Link Rd, Lahore, Pakistan",74.3204445,31.4738593
1823,128915,Beaconhouse School System,+92 42 35856351,"Model Town Link Rd, Lahore, Pakistan",74.3205343,31.4739519
1824,128916,The Smart School,,"Model Town, Lahore, Pakistan",74.3205558,31.4739896
1825,128917,Naeem Shah Academy,+92 42 35851818,"G, 18، Model Town Link Road، Lahore, Pakistan",74.3205709,31.4740383
1826,128918,DM SCHOOL,+92 42 35834400,"16-G Model Town Lahore, Lahore 44000, Pakistan",74.3205994,31.4741239
1827,128921,Comprehensive Learning School,+92 42 35852679,"G, 12 Model Town Circular Road, Lahore, Pakistan",74.32095162,31.47471515
1828,128929,Shalimar Garden,,"Faiz Ahmed Faiz Rd, Lahore, Pakistan",74.3216716,31.4322337
1829,128965,Tricon College of Information Technology,+92 42 35216000,"Pakistan, Lahore, Pakistan",74.3232005,31.4525954
1830,128978,Afaq Acadamy,,"Haider Rd, Lahore, Pakistan",74.3217919,31.4535151
1831,129032,Model Town Club,,"F Block, Lahore, Pakistan",74.3220319,31.4820342
1832,129033,Al Mawrid,,"k, 51 Model Town Circular Road, Lahore, Pakistan",74.3220319,31.4820342
1833,129039,Govt. Boys Primary School,+92 42 35842554,"Tehaty, Lahore, Pakistan",74.324333,31.4306773
1834,129041,Government School,,"Faiz Ahmed Faiz Rd, Lahore, Pakistan",74.3241298,31.4307275
1835,129093,Beaconhouse School System,,"41A1, Peco Rd, Lahore, Pakistan",74.3247717,31.460161
1836,129140,DPS Girls Wing,+92 42 35854262,"163 Model Town Circular Rd, Lahore, Pakistan",74.3249687,31.4806394
1837,129234,Possibilities Foundation,,"Block G, Lahore, Pakistan",74.326363,31.477146
1838,129238,Lacas School Network,+92 42 35311088,"86 Model Town Circular Road, Lahore, Pakistan",74.3260952,31.4795412
1839,129243,Beaconhouse School System,,"Central Ave, Block G, Model Town, Lahore, Punjab, Lahore, Pakistan",74.3263243,31.4793858
1840,129246,Divisional Public School & Intermediate College,+92 42 35864302,"Model Town Circular Road, Lahore, Pakistan",74.3268536,31.480548
1841,129247,Exam F,,"Divisional Public School & Intermediate College,, Model Town Circular Rd, Lahore, Pakistan",74.3268536,31.480548
1842,129313,Lahore Grammar School,,"3-C, Lahore, Pakistan",74.3285555,31.4658105
1843,129327,American Lyceum,,"Lahore, Pakistan",74.3269151,31.4735553
1844,129340,Boys Junior Wing,,"Model Town Circular Road, Lahore, Pakistan",74.3270906,31.4808204
1845,129341,DPS Boys Wing,+92 42 35850240,"Model Town Circular Road, Lahore, Pakistan",74.3284214,31.4810549
1846,129343,Boys Senior Wing,,"Model Town Circular Road, Lahore, Pakistan",74.3280881,31.4808164
1847,129344,Prep Boys Wing,,"Model Town Circular Road, Lahore, Pakistan",74.3281367,31.4815089
1848,129384,Vehari technical trade test center,,"Pindi Rajputan, Lahore, Pakistan",74.330034,31.4614219
1849,129388,sidrah public high school lahore,+92 42 35881027,"Kot Lakhpat, Lahore, Pakistan",74.3290007,31.4673868
1850,129490,Jamia Karimia Masjid,+92 324 4138298,"Kot Lakhpat, Lahore, Pakistan",74.332038,31.4633002
1851,129511,Roots School System,+92 42 35855899,"H, 75 Model Town Circular Road, Lahore, Pakistan",74.3319193,31.4801731
1852,129512,MA Grammar School System,+92 42 35441875,"H, 37 Model Town Circular Road, Lahore, Pakistan",74.3306439,31.4814849
1853,129563,little star school,+92 321 6060141,"Kot Lakhpat, Lahore, Pakistan",74.3328165,31.4660816
1854,129566,The Knowledge School Al-Qalam Campus,+92 333 4561398,"R Block, Lahore, Pakistan",74.3327679,31.4710634
1855,129568,Eemee's Gateway Montessori,+92 300 4597157,"R Block, Lahore, Pakistan",74.3325546,31.4714978
1856,129570,R Block,,"R Block, Lahore, Pakistan",74.3327571,31.4711135
1857,129587,Paradise Science School & Acadmy,+92 322 4241840,"R Block, Lahore, Pakistan",74.3339145,31.4750059
1858,129594,Uzma Academy,,"E, 154 R Block, Lahore, Pakistan",74.333986,31.4740544
1859,129597,Lahore Grammar School Pre School,,"42 R Block, Lahore, Pakistan",74.3339966,31.4740575
1860,129636,"Government Technical Training Centre for Prisoners, Kotlakhpat Jail, Lahore. (TEVTA)",,"Lahore, Pakistan",74.3345157,31.4455156
1861,129637,"Govt. Technical Training Centre for Prisoners, Kot Lakhpat Jail, Lahore. (TEVTA)",,"Lahore, Pakistan",74.3345777,31.4455391
1862,129665,Ali School of Knowledge Nadeem Park,+92 346 4018167,"Bilal Road Nadeem Park Kot Lakhpat Lahore, Lahore, Pakistan",74.334054,31.4599307
1863,129667,Pakistan Comprehensive School,,"Kot Lakhpat, Lahore, Pakistan",74.3356828,31.4592086
1864,129693,Haseeb Model School,,"Block H, Model Town, Lahore, Punjab, Lahore, Pakistan",74.33502,31.47899
1865,129699,Jamia Masjid,+92 42 35838666,"A Block, Lahore, Pakistan",74.3355989,31.4831001
1866,129704,Government Boys Primary School,+92 42 35842554,"Central Jail, State Cement Corp Road, Lahore, Pakistan",74.3375313,31.4449443
1867,129728,Amir Science Academy,,"near, Lahore, Pakistan",74.337222,31.465833
1868,129734,Starfish Pakistan,+92 346 2802646,"Opp 58, S Block, Pakistan, Lahore, Pakistan",74.3367345,31.4721142
1869,129738,Daud Public School,,"Lahore, Pakistan",74.3364975,31.4750093
1870,129747,Jamia Urwa-Tul-Wusqa,+92 333 5001020,"Jamia Stop, Defence Rd, Lahore, Pakistan",74.3385853,31.4256235
1871,129756,Government Girls Middle School,+92 42 35842554,"Central Jail, Lahore, Pakistan",74.3377604,31.4449294
1872,129759,Kamran Public School,+92 42 35922204,"127 Kacha Jail Rd, Lahore, Pakistan",74.3387227,31.4533604
1873,129760,Imperial Public School,,"Kacha Jail Rd, Lahore 54000, Pakistan",74.3392726,31.4529939
1874,129786,Mushtaq Public School,,"Kot Lakhpat, Lahore, Pakistan",74.3387264,31.4632791
1875,129790,Fazal E Noor Girls Model High School,,"Saqib St, Lahore, Pakistan",74.338949,31.4651974
1876,129797,TiEL,,"Lahore, Pakistan",74.33764214,31.47487159
1877,129802,Emergency,+92 42 111 770 000,"Ittefaq Hospital (Trust)، Near H-Block Model Town، Lahore, Punjab, Pakistan 54780",74.337729,31.475707
1878,129808,Urwatul Wusqa,,"54600, Lahore 54600, Pakistan",74.3401315,31.4284915
1879,129809,Allied School,,"Defence Rd, Lahore, Pakistan",74.3411973,31.4313893
1880,129810,Hajveri public high school,+92 333 4501246,"Lahore, Pakistan",74.3406957,31.441377
1881,129822,The Best English School,,"Lahore, Pakistan",74.3405959,31.4448829
1882,129825,Muslim public high school,,"Lahore, Pakistan",74.340936,31.44965385
1883,129841,The Shining Star,,"Kot Lakhpat, Lahore, Pakistan",74.3402895,31.4648334
1884,129852,Alm School System,+92 322 4043918,"Peco Rd, Lahore, Pakistan",74.34101641,31.4657148
1885,129853,beaconhouse school senior branch boys,,"Peco Rd, Lahore, Pakistan",74.34101641,31.4657148
1886,129859,FGA Technical Education School,,"Lahore, Pakistan",74.3403589,31.4677411
1887,129882,The Lyceum,+92 42 35924270,"E,, 1 Ferozepur Rd, Lahore 54000, Pakistan",74.3426146,31.4268708
1888,129887,Khalid public high school,,"Lahore, Pakistan",74.3415054,31.4427773
1889,129905,Ali Public High School,+92 321 4572211,"Quaid e Millat Colony No#2 Near Babar Chowk Chungi Amer Sidhu, Lahore, Pakistan",74.3425917,31.4439098
1890,129962,Imtiaz High School (Boys Campus),,"Kot Lakhpat, Lahore, Pakistan",74.3423548,31.4690589
1891,129963,Imtiaz Public School,,"Peco Rd, Lahore, Pakistan",74.34266,31.46869
1892,129971,Lahore Cadet School,,"Lahore, Pakistan",74.3413468,31.474736
1893,130028,Al Mustafa School Chandraye Road,,"Lahore, Pakistan",74.3445485,31.4396377
1894,130029,King Way Group of Schools,+92 42 35402339,"King Way Group of Schools، Lahore 54000, Pakistan",74.34383377,31.44312649
1895,130031,Tameer e Millat High School,,"31°26'34. 74°20'37., Street 6, Lahore, Pakistan",74.343774,31.443
1896,130071,Roshan Model High School,,"31°26'54. 74°20'37., Street 6, Lahore, Pakistan",74.343786,31.448478
1897,130076,Zubaida educator high school,,"Lahore, Pakistan",74.3441255,31.4498254
1898,130082,"The Genius Grammar School, Lahore",+92 322 4732217,"St# 6 Baba freed colony, katcha jail road Chungi ammer sidhu, Lahore, 54760, Pakistan",74.343752,31.451483
1899,130084,Junior Scholars Grammar School,+92 321 4371376,"Maher Chowk,Kacha Jail Road, Chungi Amer Sedu, Lahore 54760, Pakistan",74.343591,31.451867
1900,130095,Mumtaz School Of Education Middle Girls,+92 321 4426365,"St#1, Mehar Chowk, New Jail Road, Chungi Amar Sidhu, Ismail Nagar، Lahore 54760",74.343891,31.452692
1901,130102,Muzamil & sons,+92 321 5345013,"maher chowk rasool park, Lahore, Pakistan",74.34379766,31.45333773
1902,130107,Abdullah-CFC,,"Qainchee Bazar Rd, Lahore, Pakistan",74.34408796,31.46198064
1903,130109,Pasban Academy,+92 343 6126523,"Qainchee Bazar Rd, Lahore, Pakistan",74.344756,31.4617702
1904,130129,NRC Mustafabad Kasur,,"Albayrak Main Work Shop, Ferozepur Road, Lahore, Pakistan",74.3441759,31.4781002
1905,130151,IQRA Jannat-ul-atfal High School,,"Lahore, Pakistan",74.3465644,31.4411391
1906,130160,Quaid vision public school,,"Lahore, Pakistan",74.3450705,31.44502046
1907,130185,Qazi Pilot High School,,"Lahore, Pakistan",74.3462129,31.4614498
1908,130189,Qazi Grammar Girls High School,+92 324 1482121,"Lahore, Pakistan",74.3464058,31.4617609
1909,130193,The Modern Public High School,+92 42 35919934,"Lahore, Pakistan",74.3463,31.464887
1910,130196,City District Government High School,,"Ferozepur Rd, Lahore, Pakistan",74.3455598,31.4689567
1911,130198,The Educators,+92 301 4060070,"Lahore, Pakistan",74.3453673,31.469461
1912,130232,Annafio Energy Consultants ( Pvt ) Ltd.,+92 42 35213501,"Madar-e-Millat Road, Lahore, Pakistan",74.34608,31.4743962
1913,130247,Govt Boys Primary School,,"Gulab Devi Hospital, Ferozepur Road, Lahore, Pakistan",74.3438816,31.4838778
1914,130264,Almustafa public high school,,"Lahore, Pakistan",74.34687712,31.44159809
1915,130322,Shan-i-Islam High School,,"New Jail Rd, Makhdumabad, Kot Lakhpat, Lahore, Punjab, Lahore, Pakistan",74.3460697,31.4512876
1916,130341,"Minhaj-ul-Quran Model School, Qainchi, Lahore",,"Lahore, Pakistan",74.34723329,31.46482958
1917,130343,"Minhaj Girls Degree College, Ferozpur Road, Lahore",,"6 Qainchee Bazar Rd, Lahore, Pakistan",74.3479027,31.4640855
1918,130358,faridia public high school,+92 345 4661334,"LDA Quarters, Lahore, Pakistan",74.3477501,31.4737608
1919,130373,The Muslim Public School,+92 333 4707244,"Lahore, Pakistan",74.3485557,31.4447367
1920,130424,Amir Science Academi,,"Ayub Rd, Lahore, Pakistan",74.34838409,31.45486527
1921,130482,GHS Pandoke,,"Pandoke, Pakistan",74.3602136,31.2795508
1922,130496,Memorial Technical High School,,"Lalyani Rd, Pandoki, Raiwind, Lahore, Punjab, Pakistan",74.38431773,31.30586657
1923,130498,Shaheen Model Boys High School,+92 322 4105190,"Sue-e-Asal Road, Pakistan",74.3907346,31.3076577
1924,130522,Lahore Oxford Grammar School,+92 42 35403171,"Lahore, Pakistan",74.3884619,31.3240369
1925,130531,TCF School,+92 42 111 823 823,"Julke, Pakistan",74.3892002,31.3303073
1926,130593,THE EDUCATORS NOOR CAMPUS,+92 300 8077059,"kot nabi bakashwala 34kilomiter, Lahore, Pakistan",74.4051429,31.2847039
1927,130606,GGP School Atto Asil,,"Atto Asal, Pakistan",74.4014525,31.3084018
1928,130607,Aims Cadet School English Medium,+92 301 4498952,"Service Road, Atto Asal, Pakistan",74.39840195,31.30880107
1929,130613,GBP School Atto Asil,,"Atto Asal, Pakistan",74.4054115,31.3095018
1930,130621,Afzal Model School,+92 321 4347089,"Keet, near PEL، Service Rd,Kot Amir Khan، Lahore 53100, Pakistan",74.4150299,31.2947507
1931,130623,CosmoVision Center Pakistan,,"Khanu Harni, District, Lahore, Pakistan",74.4149125,31.3181218
1932,130669,Leads School System,,"Allama Shabbir Usmani Rd, Block A, Faisal Town, Lahore, Punjab, Lahore, Pakistan",74.2991801,31.483568
1933,130706,Allied School Muhammad Campus,+92 42 37089935,"91-92 A, Lahore, Pakistan",74.2653573,31.4016525
1934,130709,Pak Turk School,,"Block G, Lahore, Pakistan",74.265946,31.3797127
1935,130720,Voyage School,+92 321 8865574,"130 E Audit and Accounts, Lahore, Pakistan",74.2689772,31.4011472
1936,130722,AMERICAN LYCETUFF,,"Naz Town, Lahore, Pakistan",74.2678919,31.4042246
1937,130723,Al-Asr School System UET Society,+92 42 35183832,"232-A, College Rd, Lahore, Pakistan",74.268831,31.405831
1938,130740,Jks Academy,+92 331 4291904,"138B nashaman-a-iqbal phase 2, Lahore, Pakistan",74.2778999,31.4048436
1939,130858,The Student Factory,+92 42 35694117,"66DD, Commercial Area, Lahore, Pakistan",74.3837718,31.4623408
1940,130880,AL-Fatah Middle School,+92 321 4000573,"Al-FATAH Street Atta Bakhsh Rd, Lahore 1417, Pakistan",74.3857845,31.4459721
1941,130933,TAC School System,,"DHA, Street 12, Lahore, Pakistan",74.3881488,31.4576794
1942,130984,The Educators,,"Charrar Pind, Lahore, Pakistan",74.38721,31.4772351
1943,130985,Jinnah Public High School,+92 334 4175939,"Street 9, Lahore, Pakistan",74.3863208,31.4766941
1944,130990,The Lahore Alma,+92 42 35734547,"C-48, Street 44, Phase 1, DHA، Lahore, Pakistan",74.386545,31.481494
1945,131057,Haleem Campus,+92 42 35731301,"428 EE, phase-4, Defence Housing Authority، لاہور 54792",74.389586,31.469786
1946,131068,Twi Office Lahore,,"Sreet 96, Lahore, Pakistan",74.38994056,31.47194793
1947,131077,JEA,,"Rising Stars Preschool & Academy,, Lahore, Pakistan",74.388767,31.4710311
1948,131153,Lahore Grammar School,+92 42 35720287,"136, E Sreet 59, Lahore, Pakistan",74.3909103,31.4809655
1949,131181,Unique Computer College,+92 333 4224186,"d h a, Lahore, Pakistan",74.3901804,31.4705039
1950,131204,Allied School Defence Campus,+92 323 4320964,"240/1, Lahore, Pakistan",74.3929768,31.474975
1951,131235,Beaconhouse TNS,+92 42 37176241,"Street 10, Lahore, Pakistan",74.3935615,31.4641153
1952,131239,OTI Children Academy,+92 332 5335018,"Walton, Lahore, Pakistan",74.3939339,31.4690717
1953,131271,Crysto training,,"D.H.A. Main Blvd, Lahore, Pakistan",74.39412675,31.48233994
1954,131317,Roots IVY International School,,"Street 15, Lahore, Pakistan",74.39594345,31.46737687
1955,131318,DHA Senior School for Boys,,"Sector G, Lahore, Pakistan",74.3955517,31.4661857
1956,131320,DHA KINDERGARTEN,+92 42 37177903,"594/1, Lahore, Pakistan",74.3957766,31.4679181
1957,131386,Lahore Grammar School,,"State Life Housing Society - Phase 1, Lahore, Pakistan",74.4002608,31.4441126
1958,131393,DHA Senior School for Boys,+92 42 35722567,"648-S, Phase-II, DHA Lahore, Street 36, Lahore, Pakistan",74.4006053,31.4736428
1959,131437,GGPS Jathol,,"Jathol, Pakistan",74.4016286,31.4385329
1960,131443,College Talk,+92 321 9995989,"26-F, Sui Gas Main Boulevard, Lahore, Pakistan",74.40173075,31.45263243
1961,131590,Defence Public School Junior Campus,,"Sector T, Lahore, Pakistan",74.4043425,31.4730578
1962,131600,Defence Public School For Boys,+92 321 4000646,"Lalik chowk, Lahore, Pakistan",74.403554,31.4757504
1963,131657,Shaikh Ahmad Hassan School of Law,,"Lahore University of Management Sciences، Lahore, Pakistan",74.4081685,31.4713447
1964,131673,Students Help Centre,+92 322 4950165,"Sector Q, Lahore, Pakistan",74.4095043,31.4826676
1965,131676,Musaab Bin Umair Centre,,"291, Lahore, Pakistan",74.409243,31.483338
1966,131680,Suleman Dawood School of Business,,"LUMS, Lahore, Pakistan",74.4098291,31.4687389
1967,131713,Rising Star Pre School & Academy,,"Street 9, Lahore, Pakistan",74.4093758,31.48333
1968,131725,Free Parking,,"Lahore Cantt., Lahore, Pakistan",74.412981,31.469197
1969,131794,"Kids Kampus, DHA",+92 42 37178711,"240-F, Street 6, Lahore, Pakistan",74.4138149,31.467104
1970,131795,"Kids Kampus, DHA",+92 42 37178711,"Phase-5 DHA - Entrance, Lahore, Pakistan",74.413854,31.467023
1971,131796,Allied School Defence View Campus,+92 42 35708810,"Block F, Lahore, Pakistan",74.4149923,31.4734743
1972,131836,walgun sohail,+92 322 7970182,"near, Lahore, Pakistan",74.4195864,31.4729556
1973,131887,Masjid Hanfia Qasmia,,"Harpalke, Pakistan",74.4237095,31.4359684
1974,131914,Mubeen School System,,"Lahore, Pakistan",74.423553,31.481784
1975,131916,Quaid-e-Azam Model High School,,"Bedian Rd, Al-Falah Town, Lahore, Punjab, Lahore, Pakistan",74.42149255,31.48138169
1976,131917,Al-Khalid Public High School,,"Bedian Rd, Al-Falah Town, Lahore, Punjab, Lahore, Pakistan",74.42113316,31.48185244
1977,131925,Allied School Defence Bedian Road Campus,+92 42 37167915,"Street 2, Sadaat Town, Bedian Road, Jammu Stop, Lahore, Lahore, Pakistan",74.4243908,31.4732913
1978,131934,Lahore City School,,"Manzoor Colony, Lahore, Pakistan",74.4256353,31.478539
1979,131937,Madrassah Jamia Islamia,,"Lahore, Pakistan",74.4276936,31.4587739
1980,132000,KIPS Academy J2,,"Block J2, Lahore, Pakistan",74.2651517,31.4253991
1981,132002,Wapda Town Girls High School,,"Abbaseen Ave, Lahore, Pakistan",74.2658915,31.4256722
1982,132004,Aurora International School,,"98 Widway Rd, Lahore, Pakistan",74.2648047,31.4281791
1983,132005,Bedford International School,,"Abbaseen Ave, Lahore, Pakistan",74.2650205,31.4280431
1984,132006,Allied School,+92 342 4111222,"1 F-1 Street 1, Lahore, Pakistan",74.2653872,31.4293943
1985,132013,Zain Naqvi Nursery,+92 42 35183977,"WAPDA Town, Lahore, Pakistan",74.2653073,31.4290965
1986,132020,Success School System,,"Block F1, Lahore, Pakistan",74.2649532,31.4313909
1987,132023,Rana Science Acadamy,,"Block F1, Lahore, Pakistan",74.265479,31.4318361
1988,132024,Beaconhouse,,"Wapda Avenue, Lahore, Pakistan",74.2653314,31.4325241
1989,132028,Global Montessori Coaching Institute,+92 333 4080453,"504 Street 10, Lahore, Pakistan",74.26366156,31.43393114
1990,132055,JPS School System,,"Airline Society, Lahore, Pakistan",74.2618814,31.4453062
1991,132085,Ashraf Park,,"park, Street 13, Lahore, Pakistan",74.26329504,31.4529558
1992,132113,Bright Grammar High School,+92 323 4322637,"Abdul Haq Rd, Block H, Johar Town, Lahore, Punjab, Lahore, Pakistan",74.265,31.46824
1993,132128,Air Foundation School System,+92 333 2198246,"Block H-3, Lahore, Pakistan",74.2622466,31.469871
1994,132144,Beaconhouse Valancia Campus,,"Block B, Lahore, Pakistan",74.2662989,31.4099508
1995,132159,School of Islamic & Modern Studies,,"Block H1, Lahore, Pakistan",74.2666561,31.4265266
1996,132173,Raza Rizvi SSP ( Shaheed ),,"Street 6, Lahore, Pakistan",74.2673984,31.433348
1997,132190,Great High School,,"Wapda Avenue, Lahore, Pakistan",74.2676448,31.4338417
1998,132218,Pakturk Asifa Irfan Girls Campus,+92 42 35954861,"189 Road, Khayaban-e-Jinnah, Lahore, Pakistan",74.2673585,31.4429111
1999,132223,PakTurk School,,"Service Rd W, Lahore, Pakistan",74.267504,31.4429186
2000,132261,Concordia Colleges Johar town Boys Campus,+92 322 4600411,"1-G Shahrah Nazaria-e-Pakistan, Lahore, Pakistan",74.2661207,31.4582859
2001,132266,Bright Beginning School,+92 321 8406793,"175 B, Emporium, Lahore, Pakistan",74.2659832,31.4673596
2002,132313,Sir Syed Public School,,"K1 Block, Lahore, Pakistan",74.268092,31.4219449
2003,132321,Gurjer Martial Arts Club,+92 321 4920187,"Block H1, Lahore, Pakistan",74.2679751,31.427625
2004,132331,The Educators School,,"Block E1, Lahore, Pakistan",74.2689179,31.4327329
2005,132333,Great School,,"Main Blvd, Lahore, Pakistan",74.2677796,31.4339682
2006,132334,Rana Acadamy (Girls),,"Wapda Avenue, Lahore, Pakistan",74.2678398,31.4340309
2007,132337,Superior School,,"Wapda Avenue, Lahore, Pakistan",74.267903,31.4348965
2008,132342,The Sipirit School,,"Wapda Avenue North, Lahore, Pakistan",74.26839,31.4353181
2009,132358,"Dar-e-Arqam School, Boys",,"Wapda Avenue, Lahore, Pakistan",74.2692056,31.435287
2010,132359,The Punjab Acadamy,,"77, Wapda Avenue, Lahore, Pakistan",74.2692277,31.4353204
2011,132366,Punjab Cadet School,+92 42 35182708,"167-B, Iqbal Avenue Housing Society Near Shaukat Khanum Cancer Hospital, Service Road East, Lahore, Pakistan",74.2687796,31.4427847
2012,132370,Punjab School 167A1 Iqbal Avenue,+92 345 4066334,"Phase-I, Lahore, Pakistan",74.2687898,31.4428448
2013,132436,Kasco Training Lahore,,"Street 1, Lahore, Pakistan",74.2692706,31.4496347
2014,132454,Unique Academy,,"R Block, Lahore, Pakistan",74.2689353,31.4593668
2015,132461,Doctors Montessori Pre School and Day Care,+92 42 35311814,"11, Lahore 54000, Pakistan",74.2685933,31.4686348
2016,132480,Askari Public School,+92 322 4112003,"C Block, Lahore, Pakistan",74.269579,31.473189
2017,132496,Avalon High,,"Block K1, Wapda، Lahore, Pakistan",74.2708685,31.4197628
2018,132510,The Lahore Garrison Juinor School,,"Block E1, Lahore, Pakistan",74.2703431,31.431324
2019,132511,The Educators Par Excellence Group of Schools (F1 campus),+92 42 35955644,"Wapda Avenue, Lahore, Pakistan",74.2698647,31.4315875
2020,132514,The Jinnah Educators,,"Main Blvd, Lahore, Pakistan",74.2695636,31.4363643
2021,132515,Jinnah Educators,+92 313 4355005,"Wapda Avenue, Lahore, Pakistan",74.269621,31.4363846
2022,132518,The Larch,,"Wapda Ave, Lahore, Pakistan",74.2707738,31.4374877
2023,132568,KIPS SCHOOL,+92 42 35956330,"30-31 R Block Johar Town, Lahore 54000",74.27087,31.459764
2024,132573,Quran tajweed classes,,"580, Johar Town Rd, Lahore, Pakistan",74.27020884,31.45968885
2025,132577,KIPS School,+92 42 35956330,"R Block, Lahore, Pakistan",74.27106988,31.45995725
2026,132614,KIPS G-4 Campus,+92 305 4440596,"420 C Block, Lahore, Pakistan",74.2706838,31.475116
2027,132670,Lahore Grammar School,+92 42 35183197,"197 Iqbal avenue, Shaukat Ali Road, Lahore, Pakistan",74.2725387,31.4456921
2028,132725,Beaconhouse School System Johar Town Junior Branch,+92 42 35171261,"395-396 Pakistan, Main Blvd, Lahore, Pakistan",74.2717013,31.4588439
2029,132727,"Kids Kampus, Johar Town",+92 42 35456781,"239. Block R M. A. Johar Town, Lahore، Lahore 54000, Pakistan",74.272285,31.459054
2030,132728,Salamat International Campus for Advanced Studies.,,"Block R, Lahore, Pakistan",74.2723417,31.4590339
2031,132729,Allied School Johar Town Central Campus,+92 42 35303057,"57, Lahore, Pakistan",74.2717409,31.4601504
2032,132731,Salamat School System,+92 42 35752757,"Block R, Lahore, Pakistan",74.2724597,31.4590842
2033,132805,NGS Johar Town Campus,+92 321 9742959,"348, Johar Town, Lahore, Pakistan",74.272726,31.4714163
2034,132806,Bridge Academy,,"Block G3, Lahore, Pakistan",74.2722841,31.4724309
2035,132833,Shito Ryu Karate Club,+92 300 8874149,"Engineers Town Sector B, Lahore, Pakistan",74.274144,31.4239179
2036,132918,Al Harmain Education System,,"Khayaban-e-Firdousi, Lahore, Pakistan",74.2731588,31.4524786
2037,132994,The Educators,,"Main Blvd, Lahore, Pakistan",74.2745787,31.465371
2038,133069,Dar-e-Arqum School,,"326, Ravi Rd E, Lahore, Pakistan",74.2763151,31.4335391
2039,133072,The Trust School,,"Sutlej Ave, Lahore, Pakistan",74.2760827,31.4347011
2040,133074,Lahore Grammar School,,"Street 6, Lahore, Pakistan",74.275931,31.4379381
2041,133122,KIPS R1 Campus,+92 42 35166553,"878 R1، Khayaban-e-Firdousi، Lahore, Pakistan",74.2750508,31.4549452
2042,133145,Alharam Education System,+92 42 35291832,"Block R1, Lahore, Pakistan",74.2752814,31.4578587
2043,133150,Knowledge School,+92 320 4488488,"23-c 23 Main Blvd، Nawab Town، Lahore, Pakistan",74.2759085,31.45867783
2044,133163,Core School System,+92 42 35312659,"Main Blvd, Lahore, Pakistan",74.275633,31.4590218
2045,133173,The Lahore Lyceum,+92 42 36110510,"337 R Main Blvd, Lahore, Pakistan",74.2755643,31.459644
2046,133225,Hope uplift school,,"Service Rd, Lahore, Pakistan",74.2757642,31.4692147
2047,133257,L’ècole,+92 42 35300788,"417 Yaseen Khan Watoo Rd, Lahore, Pakistan",74.2762953,31.474657
2048,133276,Peperdine Nespak Campus,,"Nespak Housing Society,, Sutlej Ave, Lahore, Pakistan",74.2775036,31.4351602
2049,133277,The Learning Yard,+92 321 4012938,"Block D2, Lahore, Pakistan",74.2773407,31.4357158
2050,133296,Dar-u-Salam School,,"Shahrahe-Nazria Pakistan,, Wapda Town Roundabout, Lahore, Pakistan",74.276934,31.4419407
2051,133362,BSS JTC GIRLS PRIMARY,+92 21 36961324,"134 M, Society Office, Lahore, Pakistan",74.2777279,31.451701
2052,133363,Beaconhouse School System Johar Town Campus Boys,+92 42 35222925,"Sardaiyaab Rd, Lahore, Pakistan",74.2770122,31.452569
2053,133365,Beaconhouse Primary Branch,,"Block R, Lahore, Pakistan",74.2767003,31.4534968
2054,133366,Beaconhouse Johartown Boys,,"r, 224 Street 10, Lahore, Pakistan",74.2772649,31.453361
2055,133410,Lacas,,"Samsani Rd, Lahore, Pakistan",74.2781889,31.4680617
2056,133412,"The Educators, Sahar Campus VI",+92 42 35957125,"16-F/II، Johar Town، Lahore 54000, Pakistan",74.2783918,31.4698433
2057,133445,The International School of Choueifat,+92 42 35300028,"662-G/ 54000, 1 Abdul Haque Rd, Lahore, Pakistan",74.2784523,31.4744905
2058,133448,Model Town Lahore,+92 321 4235208,"141 Model Street، Lahore, Pakistan",74.27820517,31.47631484
2059,133473,The Educators,,"Lock D,, Sutlej Ave, Lahore, Pakistan",74.2792286,31.4367882
2060,133474,Educators Par Excellence,,"Block D1, Lahore, Pakistan",74.2791646,31.4368683
2061,133475,Pepperdine School Network,,"Sutlej Ave, Lahore, Pakistan",74.279173,31.4369568
2062,133614,Unique,,"286 Block F1, Lahore, Pakistan",74.2799847,31.4609123
2063,133627,Silk School,,"Abdul Haque Rd, Lahore, Pakistan",74.2788035,31.4722733
2064,133664,Lahore Grammer School Girls JT,+92 42 35316040,"Block G1, Lahore, Pakistan",74.2787321,31.4766858
2065,133703,Alaleem Acadme,+92 314 4062809,"G.E.C.H.S. Phase 2, Lahore, Pakistan",74.2813648,31.4233315
2066,133704,Dar-e-arqam School,,"Block D, Lahore, Pakistan",74.28132538,31.42365041
2067,133720,Fair Field School,+92 42 35180453,"9 B4 Sutlej Ave, Lahore, Pakistan",74.2818903,31.4397288
2068,133826,The C.A.R.E School System,+92 42 35291928,"Block F1, Lahore, Pakistan",74.2804313,31.4589057
2069,133839,Lahore Grammar School,+92 42 35310841,"254 Block F/1، Lahore, Pakistan",74.2812225,31.4605812
2070,133843,Lahore College of Arts & Sciences,+92 42 35311088,"Block F2, Lahore, Pakistan",74.281386,31.4713785
2071,133849,Saint Dominic's Convent Girls High School,,"67-G, Lahore, Pakistan",74.2810428,31.4749659
2072,133970,Smart School,,"Housing Society, Shahrah-e-Nazria Pakistan,, Lahore, Pakistan",74.2828637,31.4376559
2073,133976,Educators Par Excellence,,"Block C2, Lahore, Pakistan",74.2826022,31.4392132
2074,133989,Zafar Science Academy,,"90-C-2,Punjab ChowkPGECHS, Lahore, Pakistan",74.2837336,31.4391084
2075,134040,Sterling Foundation School,+92 345 4140789,"Lahore, Pakistan",74.2825341,31.4543754
2076,134049,Bright Career High School,,"Baig Rd, Block D2, Johar Town, Lahore, Punjab, Lahore, Pakistan",74.28302032,31.4566504
2077,134053,Romper Room Kids Care Center,+92 332 4827127,"Khayaban-e-Firdousi, Lahore 54000, Pakistan",74.2820758,31.4597592
2078,134073,Wisdom Academy,+92 333 8428162,"G, Lahore, Pakistan",74.282856,31.4719691
2079,134125,"THE EDUCATORS, COLLEGE ROAD CAMPUS.",,"51, 50 College Road, Lahore, Pakistan",74.2856612,31.4266353
2080,134126,The Educators,+92 42 35215300,"Gul e Daman, Lahore, Pakistan",74.2856344,31.4264745
2081,134135,Lahore Grammar School for Boys,,"5, Service Road North, Lahore, Pakistan",74.2842977,31.4365176
2082,134136,Concordia College Jt Girls,+92 335 0493755,"concordia college near wapa town, Lahore, Pakistan",74.2838561,31.4368532
2083,134137,Allied School (Zafar Campus),+92 42 35181594,"94 Punjab Society Sutlej Ave، Lahore 54770, Pakistan",74.2846564,31.4387014
2084,134143,"The Educators , Tahir Campus",+92 42 35113817,"Sutlej Ave, Lahore, Pakistan",74.2850869,31.4391557
2085,134210,Bloomfield Hall School - Juniors/Seniors,+92 333 4421405,"Plot No. 28/29, Block D-II, Baig Road, Johar Town, Lahore 54000, Pakistan",74.284536,31.455145
2086,134213,American Pre School,,"Baig Rd, Block D2, Johar Town, Lahore, Punjab, Lahore, Pakistan",74.28435822,31.45477645
2087,134216,The Educators,,"Baig Road, Lahore, Pakistan",74.2850242,31.4546097
2088,134217,Lahore Grammar Preschool,+92 321 4324321,"Johar Town, Lahore 54000, Pakistan",74.284969,31.456819
2089,134226,KIPS SCHOOL,+92 42 35311826,"442 F Block Johar Town, Lahore 54000",74.285607,31.462553
2090,134228,The Educators Elite Campus,+92 42 35291869,"445-F, Khayaban-e-Firdousi, Lahore 54000, Pakistan",74.2852566,31.4623596
2091,134230,Kips Boys School,,"Service Rd, Lahore, Pakistan",74.2855799,31.4625469
2092,134245,The Spirit School,,"Block E, Lahore, Pakistan",74.2864146,31.4186973
2093,134266,LAPS School,+92 42 35186332,"PGECHS، 3 B/1 Sutlej Ave، Lahore 54770, Pakistan",74.2861122,31.4387578
2094,134402,American Lycetuff,,"D block Canal View Main Blvd, Lahore, Pakistan",74.2548081,31.4817345
2095,134438,HSA(Habib Science Academy),+92 331 4886038,"107 C, Al-Hamra Town, Jan Muhammad Road, Lahore, Pakistan",74.2590165,31.4469435
2096,134525,Ali Foundation Pre School,,"13, Abbaseen Rd, Block F2, Wapda Town, Lahore, Punjab, Lahore, Pakistan",74.26087364,31.43426286
2097,134542,Allied School Tulip Campus,,"Architect Enterance 2, Lahore, Pakistan",74.2604404,31.4429283
2098,134552,Merit N Merit home tuition Lahore,+92 313 0230550,"Street 12, Lahore, Pakistan",74.26153911,31.45417032
2099,134580,City School Ravi Campus,+92 42 35314441,"303-304, Block H3، Johar Town، Lahore, Pakistan",74.2613457,31.4701378
